Latitude,Longitude,Depth,Day,Month,Year,Reference,Method,Acanthoica quattrospina,Algirosphaera robusta,Braarudosphaera bigelowii,Calcidiscus leptoporus,Calciosolenia brasiliensis,Calciosolenia murrayi,Calciopappus rigidus ,Ceratolithus cristatus,Discosphaera tubifera,Helicosphaera carteri,Helicosphaera sp.1suave,Michaelsarsia adriaticus (Halolappus),Michaelsarsia elegans,Oolithotus spp.,Ophiaster hydroideus,Palusphaera spp.,Papposphaera sp.,Poricalyptra aurisinae,Pontosphaera syracusana,Reticulofenestra sessilis(sobre Thalassiosira),Rhabdosphaera clavigera,Scisphosphaera apsteinii,Syracosphaera pulchra HET,S. pulchra HOL,Syracosphaera pirus,Syracosphaera prolongata,Syracosphaera sp.(petita rodona),Syracosphaera spp.,Umbellosphaera irregularis,Umbilicosphaera anulus ,Umbilicosphaera sibogae,Coco sp1(med-large oval coccolths) Simil Coronosphaera,Coco sp2 (mediana cocos transparentes),Coco sp4 (dark 11-15um),Coco sp5 (reticulate16um),Coco sp6 (dark bipolar 14um),Coco sp8 (possible Gladiolithus),Coco sp9 (oval coccoliths 36um),Coco sp10 (25um SF),Coco sp11 (12-18um SF) simil Hayaster,Coco sp12 (bipolar HOL SF),Coco sp13 (elongated 19x6um SF),Coco sp15 (13x8um bipolar SF),Coco sp16 SF pointed,Coco sp17 SF tail (oval coccoliths),Coco sp18 SF triang,Coco sp19 SF Clear central area,Unidentified coccolithophores large,Unidentified coccolithophores small <10um
35.0812,-9.3099,3,16,12,2010,Estrada2016,LM,0,0.0,,260.0,10,10,0,10.0,190,30,,0.0,0,0.0,0,0,0.0,,0.0,0.0,40,30,90,0,0,0,0,0,0,0,30,30,0,0.0,0.0,0.0,0.0,0.0,0.0,0.0,0.0,0.0,30.0,0.0,0.0,0.0,,100,4932
35.0812,-9.3099,20,16,12,2010,Estrada2016,LM,0,10.0,,140.0,0,0,0,0.0,190,40,,0.0,0,0.0,0,0,0.0,,0.0,0.0,50,10,40,0,0,0,0,0,0,0,10,10,0,0.0,0.0,0.0,0.0,0.0,0.0,0.0,0.0,0.0,0.0,0.0,0.0,0.0,,120,5343
35.0812,-9.3099,80,16,12,2010,Estrada2016,LM,0,0.0,,210.0,10,10,0,0.0,210,20,,0.0,10,0.0,0,0,0.0,,0.0,0.0,10,20,110,0,0,0,0,0,0,0,0,0,0,0.0,0.0,0.0,0.0,0.0,0.0,0.0,0.0,0.0,0.0,0.0,0.0,0.0,,90,5206
29.41,-17.1728,3,19,12,2010,Estrada2016,LM,0,0.0,,0.0,10,0,0,0.0,250,10,,0.0,10,0.0,0,0,0.0,,10.0,0.0,20,0,20,10,0,0,0,0,0,0,20,0,0,0.0,0.0,0.0,0.0,0.0,0.0,0.0,0.0,0.0,0.0,0.0,0.0,0.0,,110,3425
29.41,-17.1728,28,19,12,2010,Estrada2016,LM,0,0.0,,40.0,10,20,0,0.0,310,30,,0.0,10,0.0,0,10,0.0,,10.0,0.0,20,10,80,30,0,10,0,0,0,0,0,0,0,0.0,0.0,0.0,0.0,0.0,0.0,0.0,0.0,0.0,0.0,0.0,0.0,0.0,,220,3288
29.41,-17.1728,98,19,12,2010,Estrada2016,LM,0,0.0,,70.0,0,0,0,0.0,330,30,,0.0,0,0.0,0,0,0.0,,0.0,0.0,30,20,80,0,0,0,0,0,0,0,0,0,0,0.0,0.0,0.0,0.0,0.0,0.0,0.0,0.0,0.0,10.0,10.0,0.0,0.0,,80,2740
23.1644,-22.1333,3,22,12,2010,Estrada2016,LM,10,0.0,,0.0,0,0,20,0.0,640,0,,0.0,10,0.0,0,0,0.0,,0.0,0.0,30,0,90,10,20,20,0,0,150,10,660,10,0,10.0,0.0,0.0,0.0,0.0,0.0,0.0,0.0,0.0,0.0,0.0,0.0,0.0,,130,7672
23.1644,-22.1333,33,22,12,2010,Estrada2016,LM,0,0.0,,0.0,0,10,20,0.0,490,10,,0.0,20,0.0,10,0,0.0,,0.0,0.0,60,0,130,50,0,10,0,0,959,0,540,10,0,20.0,0.0,0.0,0.0,0.0,0.0,0.0,0.0,0.0,0.0,0.0,0.0,0.0,,110,7398
23.1644,-22.1333,88,22,12,2010,Estrada2016,LM,0,10.0,,10.0,0,20,10,0.0,380,0,,0.0,0,0.0,10,0,0.0,,0.0,0.0,30,10,60,20,0,10,0,20,685,0,510,10,0,10.0,0.0,0.0,0.0,0.0,0.0,0.0,0.0,0.0,0.0,0.0,0.0,0.0,,90,8357
21.2701,-23.2727,3,23,12,2010,Estrada2016,LM,10,0.0,,40.0,10,0,10,0.0,330,30,,0.0,0,0.0,10,0,0.0,,0.0,0.0,40,0,60,20,10,10,0,0,130,0,170,0,0,40.0,0.0,0.0,0.0,0.0,0.0,0.0,0.0,0.0,0.0,0.0,0.0,0.0,,90,4932
21.2701,-23.2727,31,23,12,2010,Estrada2016,LM,0,0.0,,30.0,0,10,20,0.0,510,0,,0.0,10,0.0,20,0,0.0,,0.0,0.0,20,0,100,20,0,0,0,10,1096,0,150,10,0,30.0,0.0,0.0,0.0,0.0,0.0,0.0,0.0,0.0,0.0,0.0,0.0,0.0,,130,5480
21.2701,-23.2727,88,23,12,2010,Estrada2016,LM,0,70.0,,0.0,0,70,30,0.0,10,30,,0.0,10,0.0,822,0,0.0,,0.0,10.0,0,0,10,0,0,10,0,0,10,0,20,0,0,0.0,0.0,0.0,0.0,0.0,0.0,0.0,0.0,0.0,0.0,0.0,10.0,0.0,,180,3836
20.1567,-24.1507,3,24,12,2010,Estrada2016,LM,0,0.0,,0.0,0,0,10,0.0,548,60,,0.0,0,0.0,137,0,0.0,,0.0,0.0,20,0,50,10,0,0,0,10,0,0,450,0,0,10.0,0.0,0.0,0.0,0.0,0.0,0.0,0.0,0.0,0.0,0.0,0.0,0.0,,70,3151
20.1567,-24.1507,31,24,12,2010,Estrada2016,LM,0,0.0,,0.0,0,0,10,0.0,260,70,,0.0,0,0.0,0,10,0.0,,0.0,0.0,10,0,80,10,10,10,0,0,20,0,380,30,0,10.0,0.0,0.0,0.0,0.0,0.0,0.0,0.0,0.0,0.0,0.0,0.0,0.0,,120,3836
20.1567,-24.1507,60,24,12,2010,Estrada2016,LM,0,50.0,,30.0,0,10,0,0.0,10,20,,0.0,10,10.0,411,0,0.0,,10.0,10.0,10,0,20,20,0,0,0,0,0,50,10,20,0,0.0,0.0,0.0,10.0,0.0,0.0,0.0,0.0,0.0,0.0,0.0,0.0,0.0,,290,10275
16.0984,-26.0153,3,25,12,2010,Estrada2016,LM,0,0.0,,20.0,40,0,0,0.0,290,100,,0.0,0,0.0,0,0,0.0,,0.0,0.0,40,0,40,20,0,0,0,0,411,0,300,20,0,10.0,0.0,0.0,0.0,0.0,0.0,0.0,0.0,0.0,0.0,0.0,0.0,0.0,,190,3288
16.0984,-26.0153,28,25,12,2010,Estrada2016,LM,0,290.0,,10.0,470,200,0,0.0,20,140,,0.0,0,40.0,1233,0,0.0,,0.0,10.0,0,0,0,10,0,0,0,0,10,70,10,0,0,0.0,0.0,0.0,0.0,0.0,0.0,0.0,0.0,0.0,0.0,0.0,20.0,0.0,,250,3151
16.0984,-26.0153,75,25,12,2010,Estrada2016,LM,0,0.0,,10.0,0,0,0,0.0,200,60,,0.0,0,0.0,0,0,0.0,,0.0,0.0,100,0,80,10,0,0,0,20,822,0,270,20,0,0.0,0.0,0.0,0.0,0.0,0.0,0.0,0.0,0.0,0.0,0.0,0.0,0.0,,180,2603
14.3118,-26.0002,3,26,12,2010,Estrada2016,LM,0,0.0,,0.0,30,20,20,0.0,510,80,,0.0,0,0.0,10,0,0.0,,0.0,0.0,40,0,140,20,0,0,0,10,959,0,140,0,0,0.0,0.0,0.0,0.0,0.0,0.0,0.0,0.0,0.0,0.0,0.0,0.0,0.0,,350,4932
14.3118,-26.0002,25,26,12,2010,Estrada2016,LM,10,0.0,,0.0,20,0,0,0.0,560,60,,0.0,0,0.0,10,0,0.0,,0.0,0.0,30,0,130,0,0,0,0,0,1233,0,290,20,0,0.0,0.0,0.0,0.0,0.0,0.0,0.0,0.0,0.0,0.0,0.0,0.0,0.0,,240,6302
14.3118,-26.0002,65,26,12,2010,Estrada2016,LM,0,180.0,,0.0,0,40,0,0.0,0,20,,0.0,0,0.0,1918,0,0.0,,0.0,10.0,0,0,0,0,0,0,0,0,137,140,40,0,0,0.0,0.0,0.0,10.0,0.0,0.0,0.0,0.0,0.0,0.0,0.0,10.0,0.0,,80,5891
12.299,-25.5917,3,27,12,2010,Estrada2016,LM,0,0.0,,10.0,30,0,0,10.0,750,20,,0.0,0,0.0,0,0,0.0,,0.0,0.0,30,0,250,30,0,0,0,0,822,0,50,10,0,10.0,0.0,0.0,0.0,0.0,0.0,0.0,0.0,0.0,0.0,0.0,0.0,0.0,,430,5617
12.299,-25.5917,28,27,12,2010,Estrada2016,LM,0,0.0,,0.0,20,0,0,0.0,810,20,,0.0,0,0.0,0,0,0.0,,0.0,0.0,70,0,110,10,0,0,0,0,548,0,0,0,0,0.0,0.0,0.0,0.0,0.0,0.0,0.0,0.0,0.0,0.0,0.0,0.0,0.0,,120,3014
12.299,-25.5917,65,27,12,2010,Estrada2016,LM,0,50.0,,0.0,50,220,0,0.0,0,90,,0.0,0,10.0,822,0,0.0,,0.0,20.0,0,0,0,0,0,0,0,0,0,20,0,0,0,0.0,0.0,0.0,0.0,0.0,0.0,0.0,0.0,0.0,0.0,0.0,0.0,0.0,,220,5343
9.3382,-25.596,3,28,12,2010,Estrada2016,LM,0,0.0,,0.0,0,0,0,20.0,330,130,,0.0,0,0.0,0,0,0.0,,0.0,0.0,20,0,190,10,0,10,0,0,1370,0,10,20,0,0.0,0.0,0.0,0.0,0.0,0.0,0.0,0.0,0.0,0.0,0.0,0.0,0.0,,260,8768
9.3382,-25.596,29,28,12,2010,Estrada2016,LM,0,0.0,,0.0,0,0,0,0.0,270,130,,0.0,0,0.0,0,0,0.0,,0.0,0.0,0,0,130,10,0,0,0,0,822,0,10,10,0,10.0,0.0,0.0,0.0,0.0,0.0,0.0,0.0,0.0,0.0,0.0,0.0,0.0,,230,8494
9.3382,-25.596,70,28,12,2010,Estrada2016,LM,0,60.0,,0.0,50,30,0,0.0,0,190,,0.0,40,0.0,411,0,0.0,,0.0,0.0,10,0,0,0,0,0,0,0,0,30,0,10,0,0.0,0.0,0.0,10.0,0.0,0.0,0.0,0.0,0.0,0.0,0.0,0.0,0.0,,140,5343
7.1941,-25.5975,3,29,12,2010,Estrada2016,LM,0,0.0,,0.0,0,0,0,0.0,650,120,,0.0,0,0.0,0,0,0.0,,0.0,0.0,50,0,180,0,0,0,10,0,2329,0,0,70,0,0.0,0.0,0.0,0.0,0.0,0.0,0.0,0.0,0.0,0.0,0.0,0.0,0.0,,600,13563
7.1941,-25.5975,24,29,12,2010,Estrada2016,LM,0,0.0,,0.0,0,0,0,10.0,490,100,,0.0,10,0.0,0,0,0.0,,0.0,0.0,60,0,60,0,0,0,0,10,685,0,0,10,0,0.0,0.0,0.0,0.0,0.0,0.0,0.0,0.0,0.0,0.0,0.0,0.0,0.0,,620,12193
7.1941,-25.5975,55,29,12,2010,Estrada2016,LM,0,0.0,,0.0,50,170,0,0.0,0,50,,0.0,411,0.0,274,0,0.0,,0.0,0.0,20,0,10,0,0,0,0,0,0,70,140,20,0,0.0,0.0,0.0,20.0,0.0,0.0,0.0,0.0,0.0,0.0,0.0,10.0,0.0,,120,7261
4.5932,-26.0029,3,30,12,2010,Estrada2016,LM,0,0.0,,0.0,20,10,0,0.0,510,10,,0.0,0,0.0,0,0,0.0,,0.0,0.0,30,0,0,0,0,0,0,0,411,0,0,10,0,0.0,0.0,0.0,0.0,0.0,0.0,0.0,0.0,0.0,0.0,0.0,0.0,0.0,,290,5069
4.5932,-26.0029,26,30,12,2010,Estrada2016,LM,0,0.0,,0.0,10,10,0,0.0,290,30,,0.0,10,0.0,0,0,0.0,,0.0,0.0,10,0,50,0,0,20,0,0,137,0,10,10,0,0.0,0.0,0.0,0.0,0.0,0.0,0.0,0.0,0.0,0.0,0.0,0.0,0.0,,300,5069
4.5932,-26.0029,80,30,12,2010,Estrada2016,LM,0,110.0,,0.0,570,170,0,0.0,10,60,,0.0,200,0.0,411,0,0.0,,0.0,0.0,0,0,0,0,0,60,0,0,0,20,80,0,20,0.0,0.0,0.0,120.0,0.0,0.0,0.0,0.0,0.0,0.0,0.0,30.0,0.0,,370,8631
4.5932,-26.0029,3,30,12,2010,Estrada2016,LM,0,0.0,,0.0,40,0,0,0.0,350,0,,0.0,0,0.0,0,0,0.0,,0.0,0.0,100,0,20,0,0,0,0,0,1096,0,0,10,0,0.0,0.0,0.0,0.0,0.0,0.0,0.0,0.0,0.0,0.0,0.0,0.0,0.0,,210,6302
2.2744,-26.0054,25,31,12,2010,Estrada2016,LM,0,0.0,,0.0,20,0,0,0.0,440,20,,0.0,0,0.0,0,0,0.0,,0.0,0.0,100,0,30,20,0,0,0,0,1644,0,30,10,0,0.0,0.0,0.0,0.0,0.0,0.0,0.0,0.0,0.0,0.0,0.0,0.0,0.0,,370,7261
2.2744,-26.0054,80,31,12,2010,Estrada2016,LM,0,120.0,,920.0,480,340,0,0.0,20,0,,0.0,0,430.0,1233,0,0.0,,0.0,0.0,0,0,0,0,0,0,0,0,137,50,130,0,80,0.0,0.0,0.0,10.0,0.0,0.0,0.0,0.0,0.0,0.0,0.0,30.0,0.0,,470,11097
0.1086,-26.0091,3,1,1,2011,Estrada2016,LM,10,10.0,,200.0,1470,760,0,0.0,140,50,,0.0,20,10.0,274,0,0.0,,0.0,0.0,40,0,30,0,0,0,0,10,274,0,100,100,20,0.0,0.0,0.0,0.0,0.0,0.0,0.0,0.0,0.0,0.0,0.0,0.0,0.0,,380,22742
0.1086,-26.0091,22,1,1,2011,Estrada2016,LM,0,10.0,,380.0,1918,2740,0,0.0,130,30,,0.0,60,40.0,1781,0,0.0,,0.0,0.0,0,0,30,10,0,0,0,0,137,10,110,70,0,0.0,0.0,0.0,0.0,0.0,0.0,0.0,0.0,0.0,0.0,0.0,0.0,0.0,,200,24523
0.1086,-26.0091,62,1,1,2011,Estrada2016,LM,0,20.0,,390.0,2329,959,0,0.0,120,20,,0.0,685,70.0,2329,0,0.0,,0.0,0.0,10,0,20,10,0,0,0,0,137,30,90,100,30,0.0,0.0,0.0,0.0,0.0,0.0,0.0,0.0,0.0,0.0,0.0,10.0,0.0,,350,26852
-3.0177,-27.1954,3,1,2,2011,Estrada2016,LM,0,0.0,,0.0,0,0,0,0.0,680,90,,0.0,0,0.0,137,0,0.0,,0.0,0.0,60,0,60,20,0,0,0,0,1644,0,0,10,0,0.0,0.0,0.0,0.0,0.0,0.0,0.0,0.0,0.0,0.0,0.0,0.0,0.0,,160,3836
-3.0177,-27.1954,28,1,2,2011,Estrada2016,LM,0,0.0,,0.0,0,0,0,0.0,780,80,,0.0,10,0.0,0,0,0.0,,0.0,0.0,40,0,20,20,0,0,0,0,1918,0,0,0,0,0.0,0.0,0.0,0.0,0.0,0.0,0.0,0.0,0.0,0.0,0.0,0.0,0.0,,200,7261
-3.0177,-27.1954,75,1,2,2011,Estrada2016,LM,0,0.0,,0.0,10,30,0,0.0,10,90,,0.0,20,140.0,411,0,0.0,,0.0,0.0,0,0,0,0,0,0,0,0,10,10,0,20,0,0.0,0.0,0.0,0.0,0.0,0.0,0.0,0.0,0.0,0.0,0.0,0.0,0.0,,130,6165
-4.4672,-28.1012,3,1,3,2011,Estrada2016,LM,10,0.0,,0.0,10,0,0,0.0,340,10,,0.0,0,0.0,0,0,0.0,,0.0,0.0,40,0,10,20,0,0,0,0,822,0,0,10,0,0.0,0.0,0.0,0.0,0.0,0.0,0.0,0.0,0.0,0.0,0.0,0.0,0.0,,180,2466
-4.4672,-28.1012,37,1,3,2011,Estrada2016,LM,0,0.0,,0.0,0,0,0,0.0,550,10,,0.0,0,0.0,137,0,0.0,,0.0,0.0,30,20,30,40,0,0,0,0,2603,0,0,0,0,0.0,0.0,0.0,0.0,0.0,0.0,0.0,0.0,0.0,0.0,0.0,0.0,0.0,,170,3836
-4.4672,-28.1012,110,1,3,2011,Estrada2016,LM,0,170.0,,0.0,30,10,0,0.0,0,20,,0.0,10,270.0,548,0,0.0,,0.0,10.0,10,0,0,0,0,0,0,0,20,0,0,0,0,0.0,0.0,0.0,0.0,0.0,0.0,0.0,0.0,0.0,0.0,0.0,20.0,0.0,,230,6165
-7.1699,-29.1934,3,1,4,2011,Estrada2016,LM,30,0.0,,50.0,0,0,0,0.0,310,10,,0.0,0,0.0,0,0,0.0,,0.0,0.0,40,0,40,60,0,0,0,0,1644,0,0,20,0,0.0,0.0,0.0,0.0,0.0,0.0,0.0,0.0,0.0,0.0,0.0,0.0,0.0,0.0,260,4110
-7.1699,-29.1934,46,1,4,2011,Estrada2016,LM,0,0.0,,50.0,0,0,0,0.0,210,20,,0.0,30,10.0,0,0,0.0,,0.0,0.0,20,0,20,110,0,0,0,0,548,0,0,10,0,0.0,0.0,0.0,0.0,0.0,0.0,0.0,0.0,0.0,0.0,0.0,0.0,0.0,0.0,250,3151
-7.1699,-29.1934,120,1,4,2011,Estrada2016,LM,0,140.0,,30.0,0,10,0,0.0,0,10,,0.0,0,150.0,100,0,0.0,,0.0,0.0,0,0,0,10,0,0,0,0,20,60,0,0,20,0.0,10.0,0.0,70.0,0.0,0.0,0.0,0.0,0.0,0.0,0.0,0.0,0.0,260.0,190,1644
-9.0765,-30.1129,3,1,5,2011,Estrada2016,LM,20,0.0,,170.0,0,0,0,0.0,70,10,0.0,0.0,0,0.0,0,0,0.0,,0.0,0.0,30,0,20,10,0,0,0,0,1096,0,0,0,0,0.0,0.0,0.0,0.0,0.0,0.0,0.0,0.0,0.0,0.0,0.0,0.0,0.0,0.0,80,2329
-9.0765,-30.1129,53,1,5,2011,Estrada2016,LM,0,0.0,,370.0,0,0,0,0.0,20,20,0.0,0.0,0,0.0,0,0,0.0,,0.0,0.0,10,0,10,10,0,0,0,0,1644,0,0,0,0,30.0,0.0,0.0,0.0,0.0,0.0,0.0,0.0,0.0,0.0,0.0,0.0,0.0,0.0,120,1096
-9.0765,-30.1129,150,1,5,2011,Estrada2016,LM,0,70.0,,30.0,0,20,10,0.0,0,20,10.0,0.0,10,0.0,40,0,0.0,,0.0,0.0,10,0,0,0,0,0,0,0,10,0,0,0,0,0.0,10.0,0.0,0.0,0.0,0.0,0.0,0.0,0.0,0.0,0.0,10.0,0.0,110.0,210,2740
-11.3843,-31.2232,3,1,6,2011,Estrada2016,LM,0,0.0,,290.0,0,0,0,0.0,110,0,0.0,0.0,0,0.0,0,0,0.0,,0.0,0.0,0,0,30,0,0,0,0,0,1233,0,0,10,0,0.0,0.0,0.0,0.0,0.0,0.0,0.0,0.0,0.0,0.0,0.0,0.0,0.0,0.0,150,3562
-11.3843,-31.2232,50,1,6,2011,Estrada2016,LM,0,0.0,,710.0,0,0,0,10.0,60,10,0.0,0.0,0,0.0,0,0,0.0,,0.0,0.0,0,0,70,50,0,0,0,0,959,0,0,0,0,10.0,0.0,0.0,0.0,0.0,0.0,0.0,0.0,0.0,0.0,0.0,0.0,0.0,0.0,350,2329
-11.3843,-31.2232,150,1,6,2011,Estrada2016,LM,0,90.0,,0.0,0,0,0,0.0,0,20,0.0,0.0,0,0.0,30,0,0.0,,0.0,0.0,10,0,10,0,0,0,0,0,30,0,0,0,0,10.0,0.0,0.0,0.0,0.0,0.0,0.0,0.0,0.0,0.0,0.0,0.0,0.0,0.0,130,959
-13.4413,-32.2257,3,1,7,2011,Estrada2016,LM,0,0.0,,780.0,0,0,0,0.0,180,10,0.0,0.0,0,0.0,0,0,0.0,,0.0,0.0,0,0,20,10,0,10,0,0,822,0,0,10,0,10.0,0.0,0.0,0.0,0.0,0.0,0.0,0.0,0.0,0.0,0.0,0.0,0.0,0.0,290,2877
-13.4413,-32.2257,47,1,7,2011,Estrada2016,LM,0,0.0,,60.0,0,0,0,0.0,0,60,0.0,0.0,0,0.0,20,0,0.0,,10.0,0.0,20,0,30,60,0,10,0,0,10,0,0,10,0,40.0,0.0,0.0,0.0,0.0,0.0,0.0,0.0,0.0,0.0,0.0,0.0,0.0,0.0,440,7809
-13.4413,-32.2257,140,1,7,2011,Estrada2016,LM,0,50.0,,10.0,10,30,20,0.0,0,20,0.0,0.0,0,0.0,240,0,0.0,,0.0,0.0,20,0,0,0,0,0,0,0,0,0,0,0,0,30.0,0.0,0.0,10.0,0.0,0.0,0.0,0.0,0.0,0.0,0.0,0.0,0.0,50.0,100,822
-15.4985,-33.2419,3,1,8,2011,Estrada2016,LM,0,0.0,,110.0,0,0,0,10.0,350,10,0.0,0.0,0,0.0,0,0,0.0,,0.0,0.0,20,0,30,10,0,20,0,0,1370,0,0,0,0,10.0,0.0,0.0,0.0,0.0,0.0,0.0,0.0,0.0,0.0,0.0,0.0,0.0,0.0,120,2603
-15.4985,-33.2419,50,1,8,2011,Estrada2016,LM,30,0.0,,90.0,0,0,0,0.0,410,0,0.0,0.0,0,0.0,10,0,0.0,,0.0,0.0,0,0,40,10,0,0,0,0,1096,0,0,0,0,20.0,0.0,0.0,0.0,0.0,0.0,0.0,0.0,0.0,0.0,0.0,0.0,0.0,0.0,220,1781
-15.4985,-33.2419,152,1,8,2011,Estrada2016,LM,0,0.0,,20.0,190,40,10,0.0,0,0,0.0,0.0,0,0.0,140,0,0.0,,0.0,0.0,10,0,0,0,0,0,0,0,20,0,0,0,0,10.0,0.0,0.0,0.0,0.0,0.0,0.0,0.0,0.0,0.0,0.0,0.0,0.0,0.0,50,2740
-18.2545,-34.3866,3,1,9,2011,Estrada2016,LM,0,0.0,,20.0,0,0,0,0.0,250,0,0.0,0.0,0,0.0,0,0,0.0,,0.0,0.0,0,0,10,20,0,0,0,0,411,0,0,10,0,0.0,0.0,0.0,0.0,0.0,0.0,0.0,0.0,0.0,0.0,0.0,0.0,0.0,0.0,150,3425
-18.2545,-34.3866,47,1,9,2011,Estrada2016,LM,20,0.0,,30.0,0,0,0,0.0,160,0,0.0,10.0,20,0.0,10,0,0.0,,0.0,0.0,0,0,40,100,0,0,0,0,0,0,0,0,0,30.0,0.0,0.0,0.0,0.0,0.0,0.0,0.0,0.0,0.0,0.0,0.0,0.0,0.0,340,8083
-18.2545,-34.3866,130,1,9,2011,Estrada2016,LM,0,120.0,,0.0,150,250,0,0.0,0,10,0.0,30.0,20,10.0,180,0,0.0,,0.0,0.0,10,0,0,0,0,0,0,0,0,0,0,0,0,10.0,0.0,0.0,10.0,0.0,0.0,0.0,0.0,0.0,0.0,0.0,0.0,0.0,20.0,150,3288
-21.056,-35.5834,3,1,10,2011,Estrada2016,LM,0,0.0,,10.0,10,0,0,0.0,290,0,0.0,0.0,0,0.0,0,0,0.0,,0.0,0.0,0,0,120,40,0,20,0,0,0,0,0,10,0,10.0,0.0,0.0,0.0,0.0,0.0,0.0,0.0,0.0,0.0,0.0,0.0,0.0,0.0,270,3151
-21.056,-35.5834,45,1,10,2011,Estrada2016,LM,10,0.0,,0.0,0,0,0,0.0,100,20,0.0,0.0,0,0.0,0,0,0.0,,0.0,0.0,0,0,30,60,0,0,0,0,0,0,0,0,0,30.0,0.0,0.0,0.0,0.0,0.0,0.0,0.0,0.0,0.0,0.0,0.0,0.0,0.0,330,7261
-21.056,-35.5834,125,1,10,2011,Estrada2016,LM,0,100.0,,0.0,200,280,0,0.0,0,0,0.0,10.0,40,40.0,200,0,0.0,,0.0,0.0,0,0,0,0,0,0,0,0,10,30,0,0,0,0.0,0.0,0.0,0.0,0.0,0.0,0.0,0.0,0.0,0.0,0.0,0.0,0.0,0.0,140,4110
-22.5728,-36.5548,3,1,11,2011,Estrada2016,LM,0,0.0,,50.0,0,0,0,0.0,510,0,0.0,0.0,0,0.0,0,0,0.0,,0.0,0.0,0,0,80,100,0,0,0,0,0,0,0,20,0,0.0,0.0,0.0,0.0,0.0,0.0,0.0,0.0,0.0,0.0,0.0,0.0,0.0,0.0,190,4795
-22.5728,-36.5548,46,1,11,2011,Estrada2016,LM,0,10.0,,20.0,10,10,0,0.0,420,0,0.0,0.0,0,20.0,0,0,0.0,10.0,0.0,0.0,0,0,130,40,0,0,0,0,40,0,80,0,0,40.0,0.0,0.0,0.0,0.0,0.0,0.0,0.0,0.0,0.0,0.0,0.0,0.0,10.0,390,8357
-22.5728,-36.5548,125,1,11,2011,Estrada2016,LM,0,130.0,,0.0,110,10,0,0.0,0,10,0.0,10.0,0,260.0,50,10,0.0,0.0,50.0,40.0,0,0,10,0,0,0,0,0,0,50,0,10,0,0.0,10.0,0.0,10.0,10.0,0.0,0.0,0.0,0.0,0.0,0.0,0.0,0.0,260.0,170,6028
-24.189,-36.1333,3,19,1,2011,Estrada2016,LM,0,0.0,,30.0,0,0,0,0.0,480,0,0.0,0.0,0,0.0,0,0,0.0,0.0,0.0,0.0,0,0,10,20,0,0,0,0,0,0,0,0,0,0.0,0.0,0.0,0.0,0.0,0.0,0.0,0.0,0.0,0.0,0.0,0.0,0.0,0.0,110,1781
-24.189,-36.1333,41,19,1,2011,Estrada2016,LM,0,0.0,,40.0,0,0,0,0.0,110,0,0.0,0.0,0,0.0,0,0,0.0,0.0,0.0,0.0,10,0,40,0,0,0,0,0,0,0,10,10,0,20.0,0.0,0.0,0.0,0.0,0.0,0.0,0.0,0.0,0.0,0.0,0.0,0.0,0.0,210,3288
-24.189,-36.1333,119,19,1,2011,Estrada2016,LM,0,180.0,,0.0,50,0,0,0.0,10,20,0.0,0.0,0,90.0,40,0,0.0,0.0,0.0,10.0,10,0,0,0,0,0,0,0,0,60,0,0,0,10.0,0.0,0.0,0.0,10.0,0.0,0.0,0.0,0.0,0.0,0.0,0.0,0.0,50.0,160,2466
-24.4752,-33.2856,3,20,1,2011,Estrada2016,LM,0,0.0,,0.0,0,0,0,0.0,740,0,0.0,0.0,0,0.0,0,0,0.0,0.0,0.0,0.0,10,0,10,10,0,0,0,0,0,0,0,0,0,0.0,0.0,0.0,0.0,0.0,0.0,0.0,0.0,0.0,0.0,0.0,0.0,0.0,0.0,140,3699
-24.4752,-33.2856,40,20,1,2011,Estrada2016,LM,10,0.0,,10.0,0,0,0,0.0,290,0,0.0,0.0,0,0.0,0,10,0.0,180.0,0.0,0.0,20,0,130,230,0,0,10,0,0,0,0,0,0,50.0,0.0,0.0,0.0,0.0,0.0,0.0,0.0,0.0,0.0,0.0,0.0,0.0,0.0,590,9042
-24.4752,-33.2856,120,20,1,2011,Estrada2016,LM,0,200.0,,0.0,90,50,0,0.0,20,0,0.0,0.0,0,460.0,70,0,0.0,0.0,10.0,30.0,0,0,0,0,0,0,0,0,0,40,0,0,0,0.0,0.0,0.0,10.0,10.0,0.0,0.0,0.0,0.0,0.0,0.0,0.0,0.0,180.0,150,6439
-25.2559,-30.0419,3,21,1,2011,Estrada2016,LM,0,0.0,,10.0,0,0,0,0.0,340,0,0.0,0.0,0,0.0,0,0,0.0,10.0,0.0,0.0,10,0,0,30,0,0,0,0,0,0,0,0,0,10.0,0.0,0.0,0.0,0.0,0.0,0.0,0.0,0.0,0.0,0.0,0.0,0.0,0.0,190,4795
-25.2559,-30.0419,38,21,1,2011,Estrada2016,LM,0,80.0,,0.0,0,30,0,0.0,0,0,0.0,20.0,0,0.0,10,10,0.0,20.0,20.0,10.0,0,0,0,0,0,0,0,0,0,90,50,0,0,10.0,0.0,0.0,150.0,0.0,0.0,0.0,0.0,0.0,0.0,0.0,0.0,0.0,60.0,210,1918
-25.2559,-30.0419,120,21,1,2011,Estrada2016,LM,0,150.0,,20.0,30,50,20,10.0,120,0,0.0,0.0,10,0.0,280,10,0.0,0.0,0.0,40.0,40,0,0,0,0,0,0,20,0,50,80,0,0,0.0,10.0,0.0,10.0,0.0,0.0,0.0,0.0,0.0,0.0,0.0,0.0,0.0,20.0,180,1781
-25.5209,-27.3404,3,22,1,2011,Estrada2016,LM,0,0.0,,0.0,0,0,0,0.0,420,0,0.0,0.0,0,0.0,0,0,0.0,0.0,0.0,0.0,0,0,40,60,0,0,0,0,0,0,0,0,0,0.0,0.0,0.0,0.0,0.0,0.0,0.0,0.0,0.0,0.0,0.0,0.0,0.0,0.0,160,2466
-25.5209,-27.3404,44,22,1,2011,Estrada2016,LM,0,0.0,,10.0,0,0,0,0.0,170,0,0.0,0.0,0,0.0,0,0,0.0,50.0,0.0,0.0,40,0,50,70,0,0,0,0,0,0,0,0,10,50.0,0.0,0.0,0.0,0.0,0.0,0.0,0.0,0.0,0.0,0.0,0.0,0.0,0.0,120,4521
-25.5209,-27.3404,130,22,1,2011,Estrada2016,LM,0,90.0,,0.0,20,0,0,0.0,10,0,0.0,0.0,10,0.0,50,10,0.0,0.0,0.0,0.0,0,0,10,0,0,0,10,0,0,150,0,0,0,0.0,60.0,0.0,10.0,0.0,0.0,0.0,0.0,0.0,0.0,0.0,0.0,0.0,10.0,60,1096
-26.2792,-24.1258,3,23,1,2011,Estrada2016,LM,0,0.0,0.0,10.0,0,0,0,0.0,590,10,0.0,0.0,0,10.0,0,0,0.0,0.0,0.0,0.0,10,0,50,40,0,0,0,0,0,0,0,0,0,0.0,0.0,0.0,0.0,0.0,0.0,0.0,0.0,0.0,0.0,0.0,0.0,0.0,0.0,210,2603
-26.2792,-24.1258,50,23,1,2011,Estrada2016,LM,0,0.0,0.0,0.0,0,0,0,0.0,260,10,0.0,0.0,0,0.0,0,0,0.0,50.0,0.0,0.0,40,0,30,30,0,0,0,0,30,0,0,0,0,80.0,0.0,0.0,0.0,0.0,0.0,0.0,0.0,0.0,0.0,0.0,0.0,0.0,0.0,330,5754
-26.2792,-24.1258,140,23,1,2011,Estrada2016,LM,10,20.0,10.0,0.0,30,10,0,10.0,30,10,0.0,30.0,20,0.0,660,0,0.0,0.0,0.0,0.0,0,20,0,0,0,0,0,0,0,10,10,0,0,0.0,130.0,0.0,0.0,0.0,0.0,0.0,0.0,0.0,0.0,0.0,0.0,0.0,0.0,90,2192
-26.5681,-21.2399,3,24,1,2011,Estrada2016,LM,0,0.0,0.0,20.0,0,0,0,0.0,410,40,0.0,0.0,0,0.0,0,0,0.0,20.0,0.0,0.0,0,0,100,50,0,0,10,0,0,0,0,10,0,20.0,0.0,0.0,0.0,0.0,0.0,0.0,0.0,0.0,0.0,0.0,0.0,0.0,0.0,270,2466
-26.5681,-21.2399,39,24,1,2011,Estrada2016,LM,0,0.0,0.0,20.0,0,0,10,0.0,70,30,0.0,0.0,0,0.0,0,0,0.0,40.0,0.0,0.0,40,10,60,60,0,0,0,0,10,0,0,0,0,90.0,0.0,0.0,0.0,0.0,0.0,0.0,0.0,0.0,0.0,0.0,0.0,0.0,0.0,330,3425
-26.5681,-21.2399,125,24,1,2011,Estrada2016,LM,0,30.0,0.0,0.0,40,10,30,0.0,0,30,0.0,0.0,0,10.0,100,0,0.0,0.0,0.0,0.0,0,0,30,0,0,0,0,0,0,20,70,0,0,10.0,170.0,0.0,40.0,10.0,0.0,30.0,0.0,0.0,0.0,0.0,0.0,0.0,40.0,160,1507
-27.332,-18.0536,3,25,1,2011,Estrada2016,LM,10,0.0,0.0,40.0,0,0,0,10.0,480,10,0.0,0.0,0,0.0,0,0,0.0,0.0,0.0,0.0,0,0,130,50,0,0,0,0,10,0,0,20,0,10.0,0.0,0.0,0.0,0.0,0.0,0.0,0.0,0.0,0.0,0.0,0.0,0.0,10.0,260,2192
-27.332,-18.0536,41,25,1,2011,Estrada2016,LM,0,0.0,0.0,40.0,0,0,0,10.0,80,120,0.0,0.0,0,0.0,0,0,0.0,10.0,0.0,0.0,70,10,20,70,0,0,10,0,20,0,0,10,0,150.0,0.0,0.0,0.0,0.0,0.0,0.0,0.0,0.0,0.0,0.0,0.0,0.0,0.0,550,4247
-27.332,-18.0536,120,25,1,2011,Estrada2016,LM,0,0.0,0.0,60.0,90,0,20,0.0,90,40,0.0,0.0,0,0.0,0,0,0.0,0.0,0.0,0.0,70,0,40,0,0,0,0,10,0,40,300,20,0,0.0,0.0,0.0,0.0,0.0,0.0,0.0,0.0,0.0,0.0,0.0,0.0,0.0,0.0,330,4795
-28.0544,-14.4748,3,26,1,2011,Estrada2016,LM,0,0.0,0.0,0.0,0,0,0,10.0,670,0,0.0,0.0,0,0.0,0,0,0.0,0.0,0.0,0.0,0,0,80,260,0,0,10,0,0,0,0,20,0,0.0,0.0,0.0,0.0,0.0,0.0,0.0,0.0,0.0,0.0,0.0,0.0,0.0,0.0,280,3288
-28.0544,-14.4748,48,26,1,2011,Estrada2016,LM,0,0.0,10.0,0.0,0,20,30,30.0,90,10,0.0,0.0,0,0.0,0,0,0.0,0.0,0.0,0.0,10,0,30,140,10,0,0,0,0,0,0,0,0,20.0,0.0,0.0,0.0,0.0,0.0,0.0,0.0,0.0,0.0,0.0,0.0,0.0,0.0,230,3973
-28.0544,-14.4748,150,26,1,2011,Estrada2016,LM,0,0.0,10.0,0.0,0,0,10,0.0,10,10,0.0,0.0,10,0.0,50,0,0.0,0.0,0.0,0.0,10,0,10,0,0,0,0,0,0,30,0,0,0,0.0,70.0,0.0,0.0,0.0,0.0,0.0,0.0,0.0,0.0,0.0,0.0,0.0,0.0,210,1918
-28.3894,-11.487,3,27,1,2011,Estrada2016,LM,0,0.0,0.0,0.0,0,0,0,10.0,160,10,0.0,0.0,0,0.0,0,0,0.0,0.0,0.0,0.0,0,0,50,100,0,0,0,0,0,0,0,20,0,0.0,0.0,0.0,0.0,0.0,0.0,0.0,0.0,0.0,0.0,0.0,0.0,0.0,0.0,90,2192
-28.3894,-11.487,46,27,1,2011,Estrada2016,LM,0,0.0,0.0,0.0,0,0,0,0.0,20,40,0.0,0.0,0,0.0,0,0,0.0,0.0,0.0,0.0,0,0,0,70,0,0,0,0,0,0,0,0,0,0.0,0.0,0.0,0.0,0.0,0.0,0.0,0.0,0.0,0.0,0.0,0.0,0.0,0.0,120,3562
-28.3894,-11.487,135,27,1,2011,Estrada2016,LM,0,0.0,0.0,0.0,0,0,10,10.0,0,10,0.0,0.0,0,0.0,20,0,0.0,0.0,0.0,0.0,0,0,0,0,0,0,0,0,0,50,0,10,0,0.0,0.0,0.0,0.0,0.0,0.0,0.0,0.0,0.0,0.0,0.0,0.0,0.0,0.0,50,3288
-29.4604,-5.1889,3,29,1,2011,Estrada2016,LM,0,0.0,0.0,20.0,0,0,0,0.0,280,0,0.0,0.0,0,0.0,0,0,0.0,0.0,0.0,0.0,0,0,40,200,10,0,0,0,0,0,0,50,0,0.0,0.0,0.0,0.0,0.0,0.0,0.0,0.0,0.0,0.0,0.0,0.0,0.0,0.0,230,2603
-29.4604,-5.1889,41,29,1,2011,Estrada2016,LM,0,0.0,0.0,20.0,0,0,10,0.0,200,0,0.0,0.0,0,0.0,0,0,30.0,50.0,0.0,0.0,10,0,10,290,0,0,0,10,0,0,20,0,0,120.0,0.0,0.0,0.0,0.0,0.0,0.0,0.0,0.0,0.0,0.0,0.0,0.0,0.0,520,4932
-29.4604,-5.1889,110,29,1,2011,Estrada2016,LM,0,50.0,0.0,20.0,460,0,0,0.0,10,0,0.0,0.0,0,0.0,1096,0,0.0,10.0,0.0,0.0,10,0,10,10,0,10,0,0,0,1233,340,30,0,0.0,0.0,0.0,0.0,0.0,0.0,0.0,0.0,0.0,0.0,0.0,0.0,0.0,0.0,380,7809
-30.157,-2.2612,3,30,1,2011,Estrada2016,LM,0,0.0,0.0,0.0,0,0,0,0.0,190,0,0.0,0.0,0,0.0,0,0,0.0,0.0,0.0,0.0,0,0,10,40,0,0,0,0,0,0,20,0,0,0.0,0.0,0.0,0.0,0.0,0.0,0.0,0.0,0.0,0.0,0.0,0.0,0.0,0.0,180,411
-30.157,-2.2612,40,30,1,2011,Estrada2016,LM,0,0.0,0.0,10.0,0,0,0,0.0,40,0,0.0,0.0,0,0.0,0,0,0.0,0.0,0.0,0.0,30,0,0,250,10,0,0,20,0,0,10,0,0,100.0,0.0,0.0,0.0,0.0,0.0,0.0,0.0,0.0,0.0,0.0,0.0,0.0,0.0,220,3425
-30.157,-2.2612,105,30,1,2011,Estrada2016,LM,0,40.0,0.0,0.0,320,0,0,0.0,0,0,0.0,0.0,0,0.0,548,0,0.0,0.0,0.0,0.0,0,0,0,0,0,10,0,0,0,959,110,10,0,0.0,0.0,0.0,0.0,0.0,0.0,0.0,0.0,0.0,0.0,0.0,0.0,0.0,10.0,100,9864
-30.529,0.5807,3,31,1,2011,Estrada2016,LM,0,0.0,0.0,10.0,0,0,0,0.0,50,0,0.0,0.0,0,0.0,0,0,0.0,0.0,0.0,0.0,20,0,10,210,0,0,0,0,0,0,0,0,0,0.0,0.0,0.0,0.0,0.0,0.0,0.0,0.0,0.0,0.0,0.0,0.0,0.0,0.0,140,411
-30.529,0.5807,36,31,1,2011,Estrada2016,LM,0,0.0,0.0,80.0,10,0,0,0.0,30,0,0.0,0.0,0,0.0,0,0,0.0,0.0,0.0,0.0,20,0,70,60,0,0,0,0,0,20,50,0,0,40.0,0.0,0.0,0.0,0.0,0.0,0.0,0.0,0.0,0.0,0.0,0.0,0.0,0.0,290,3562
-30.529,0.5807,110,31,1,2011,Estrada2016,LM,0,20.0,0.0,70.0,50,0,0,0.0,0,0,0.0,0.0,0,0.0,1233,0,0.0,0.0,0.0,0.0,10,0,10,10,0,0,0,0,0,90,80,20,0,0.0,0.0,0.0,0.0,0.0,0.0,0.0,0.0,0.0,0.0,0.0,0.0,0.0,0.0,80,3973
-31.1845,3.4492,3,2,1,2011,Estrada2016,LM,0,0.0,0.0,270.0,0,0,0,0.0,170,10,0.0,0.0,0,0.0,0,0,0.0,0.0,0.0,0.0,40,0,20,160,0,0,0,0,0,0,0,0,0,20.0,0.0,0.0,0.0,0.0,0.0,0.0,0.0,0.0,0.0,0.0,0.0,0.0,0.0,310,5617
-31.1845,3.4492,25,2,1,2011,Estrada2016,LM,0,0.0,0.0,140.0,20,10,0,0.0,60,0,0.0,0.0,0,0.0,0,0,0.0,10.0,0.0,0.0,10,0,10,60,0,0,0,0,0,0,0,0,0,30.0,0.0,0.0,0.0,0.0,0.0,0.0,0.0,0.0,0.0,0.0,0.0,0.0,0.0,280,3425
-31.1845,3.4492,70,2,1,2011,Estrada2016,LM,0,60.0,0.0,130.0,90,0,0,0.0,10,0,0.0,0.0,0,0.0,1096,0,0.0,0.0,0.0,0.0,20,0,30,10,0,0,0,0,0,320,120,40,0,0.0,0.0,0.0,0.0,0.0,0.0,0.0,0.0,0.0,0.0,0.0,0.0,0.0,0.0,290,11097
-31.4994,6.5142,3,2,2,2011,Estrada2016,LM,30,0.0,0.0,770.0,0,0,0,0.0,590,0,0.0,0.0,0,0.0,0,0,10.0,40.0,0.0,0.0,0,0,20,230,10,0,0,0,30,0,0,0,0,10.0,0.0,0.0,0.0,0.0,0.0,0.0,0.0,0.0,0.0,0.0,0.0,0.0,0.0,710,9453
-31.4994,6.5142,32,2,2,2011,Estrada2016,LM,0,0.0,0.0,1160.0,10,10,0,0.0,220,0,0.0,0.0,0,0.0,0,0,0.0,10.0,0.0,0.0,0,0,30,180,0,0,0,30,10,0,0,0,0,20.0,0.0,0.0,0.0,0.0,0.0,0.0,0.0,0.0,0.0,0.0,0.0,0.0,0.0,930,10138
-31.4994,6.5142,85,2,2,2011,Estrada2016,LM,10,100.0,0.0,390.0,480,0,0,0.0,20,0,0.0,0.0,30,0.0,685,0,0.0,0.0,0.0,0.0,40,0,60,170,30,137,10,30,137,10,0,10,0,0.0,0.0,0.0,0.0,0.0,0.0,0.0,0.0,0.0,0.0,0.0,0.0,0.0,20.0,548,25756
-32.1405,9.2071,3,2,3,2011,Estrada2016,LM,0,0.0,,170.0,0,0,0,0.0,50,30,,0.0,0,0.0,0,0,0.0,,0.0,0.0,20,0,10,80,0,0,0,0,411,0,0,0,0,20.0,0.0,0.0,0.0,0.0,0.0,0.0,0.0,0.0,0.0,0.0,0.0,0.0,,420,4384
-32.1405,9.2071,30,2,3,2011,Estrada2016,LM,0,0.0,,180.0,0,0,0,0.0,30,10,,0.0,0,0.0,0,0,0.0,,0.0,0.0,10,0,20,50,0,0,0,0,274,0,0,0,0,10.0,0.0,0.0,0.0,0.0,0.0,0.0,0.0,0.0,0.0,0.0,0.0,0.0,,370,3562
-32.1405,9.2071,72,2,3,2011,Estrada2016,LM,30,411.0,,30.0,400,0,0,0.0,0,0,,0.0,0,1644.0,1096,0,0.0,,0.0,20.0,100,0,20,30,0,20,0,0,0,0,70,40,0,0.0,0.0,0.0,20.0,0.0,0.0,0.0,0.0,0.0,0.0,0.0,0.0,0.0,,822,16577
-32.4876,12.4615,3,2,4,2011,Estrada2016,LM,0,0.0,0.0,40.0,20,0,0,0.0,40,0,0.0,0.0,0,0.0,0,0,0.0,0.0,0.0,0.0,10,0,0,30,0,0,0,0,30,0,0,0,0,0.0,0.0,0.0,0.0,0.0,0.0,0.0,0.0,0.0,0.0,0.0,0.0,0.0,0.0,290,4658
-32.4876,12.4615,23,2,4,2011,Estrada2016,LM,0,0.0,0.0,340.0,20,0,0,0.0,250,20,0.0,0.0,10,0.0,274,0,0.0,0.0,0.0,0.0,20,0,20,220,0,30,0,0,20,0,20,0,0,40.0,0.0,0.0,0.0,0.0,0.0,0.0,0.0,0.0,0.0,0.0,0.0,0.0,10.0,1781,42881
-32.4876,12.4615,48,2,4,2011,Estrada2016,LM,0,10.0,0.0,280.0,90,10,0,0.0,230,10,0.0,0.0,30,0.0,411,0,0.0,0.0,0.0,0.0,10,0,30,20,0,411,0,0,685,10,50,20,0,10.0,0.0,0.0,0.0,0.0,0.0,0.0,0.0,0.0,0.0,0.0,0.0,0.0,10.0,822,30277
-33.14,15.2037,3,2,5,2011,Estrada2016,LM,0,0.0,0.0,1644.0,30,0,0,0.0,950,10,0.0,0.0,0,0.0,0,0,10.0,20.0,0.0,0.0,20,0,40,180,0,10,0,10,40,0,10,0,0,20.0,0.0,0.0,0.0,0.0,0.0,0.0,0.0,0.0,0.0,0.0,0.0,0.0,0.0,1644,25482
-33.14,15.2037,22,2,5,2011,Estrada2016,LM,0,0.0,0.0,1096.0,30,10,0,0.0,550,10,0.0,0.0,20,0.0,0,0,0.0,0.0,0.0,0.0,40,0,40,130,10,0,0,20,10,0,20,0,0,40.0,0.0,0.0,0.0,0.0,0.0,0.0,0.0,0.0,0.0,0.0,0.0,0.0,0.0,959,22468
-33.14,15.2037,56,2,5,2011,Estrada2016,LM,0,170.0,0.0,100.0,220,411,0,0.0,110,10,0.0,20.0,10,20.0,3425,0,0.0,0.0,0.0,0.0,30,0,20,20,10,0,0,10,274,20,30,0,0,10.0,0.0,0.0,90.0,0.0,0.0,0.0,0.0,0.0,0.0,0.0,0.0,0.0,20.0,274,23838
-35.0817,25.3379,3,13,2,2011,Estrada2016,LM,0,,,,510,1530,0,,30,0,,,0,,340,0,,,,,10,0,70,0,0,0,0,0,0,0,30,70,10,,,,,,,,,,,,,,,30,21250
-35.0817,25.3379,40,13,2,2011,Estrada2016,LM,0,,,,1360,7480,680,,90,10,,,0,,850,0,,,,,100,0,180,0,50,0,30,0,340,0,100,280,40,,,,,,,,,,,,,,,220,40460
-35.0817,25.3379,60,13,2,2011,Estrada2016,LM,0,,,,0,510,20,,10,0,,,0,,0,0,,,,,0,0,0,0,0,10,0,0,0,1360,90,90,0,,,,,,,,,,,,,,,130,15640
-34.5024,27.3295,3,14,2,2011,Estrada2016,LM,30,,,,680,170,0,,90,20,,,10,,680,10,,,,,30,0,0,0,0,0,0,0,170,130,40,60,10,,,,,,,,,,,,,,,30,7480
-34.5024,27.3295,29,14,2,2011,Estrada2016,LM,0,,,,40,60,0,,370,10,,,0,,170,0,,,,,0,0,50,10,0,0,0,0,850,10,10,20,10,,,,,,,,,,,,,,,90,8500
-34.5024,27.3295,93,14,2,2011,Estrada2016,LM,0,,,,0,510,0,,280,0,,,0,,0,10,,,,,0,0,50,0,0,10,0,0,0,0,0,0,0,,,,,,,,,,,,,,,40,6290
-34.2638,31.0671,3,15,2,2011,Estrada2016,LM,0,,,,20,0,0,,3014,0,,,0,,10,0,,,,,20,20,220,20,20,0,0,0,548,0,0,0,0,,,,,,,,,,,,,,,20,10412
-34.2638,31.0671,25,15,2,2011,Estrada2016,LM,0,,,,0,10,0,,1781,30,,,0,,0,0,,,,,20,0,170,10,0,10,40,0,411,0,0,0,0,,,,,,,,,,,,,,,40,10138
-34.2638,31.0671,80,15,2,2011,Estrada2016,LM,40,,,,280,200,60,,411,20,,,10,,822,0,,,,,30,0,40,0,0,0,0,0,0,4521,30,0,0,,,,,,,,,,,,,,,80,48675
-34.1043,33.4355,3,16,2,2011,Estrada2016,LM,0,,,,0,0,10,,2055,0,,,0,,0,10,,,,,10,0,50,50,0,10,10,0,411,0,0,0,0,,,,,,,,,,,,,,,70,2750
-34.1043,33.4355,30,16,2,2011,Estrada2016,LM,10,,,,0,0,0,,822,10,,,0,,0,10,,,,,0,0,30,40,0,0,10,0,137,0,0,0,0,,,,,,,,,,,,,,,0,2877
-34.1043,33.4355,75,16,2,2011,Estrada2016,LM,0,,,,220,130,30,,40,20,,,0,,685,0,,,,,10,0,50,10,0,0,0,0,137,1644,0,0,10,,,,,,,,,,,,,,,190,24112
-33.5443,37.0253,3,17,2,2011,Estrada2016,LM,0,,,,0,0,0,,411,30,,,0,,0,0,,,,,10,10,120,0,10,0,20,0,137,0,0,0,0,,,,,,,,,,,,,,,60,2603
-33.5443,37.0253,28,17,2,2011,Estrada2016,LM,10,,,,0,0,0,,685,10,,,0,,0,0,,,,,10,10,90,30,0,0,0,0,274,0,10,0,0,,,,,,,,,,,,,,,80,4247
-33.5443,37.0253,85,17,2,2011,Estrada2016,LM,10,,,,130,20,10,,30,20,,,0,,959,0,,,,,150,10,20,0,10,0,0,0,822,411,10,0,0,,,,,,,,,,,,,,,40,10960
-33.3375,39.5307,3,18,2,2011,Estrada2016,LM,0,0.0,,10.0,0,0,0,20.0,790,20,,0.0,0,0.0,0,0,0.0,,0.0,0.0,50,0,150,20,10,10,0,0,1233,0,0,0,0,0.0,0.0,0.0,0.0,0.0,0.0,0.0,0.0,0.0,0.0,0.0,,,,170,4658
-33.3375,39.5307,38,18,2,2011,Estrada2016,LM,10,0.0,,10.0,0,0,20,120.0,810,30,,0.0,0,0.0,10,0,0.0,,0.0,0.0,70,0,80,30,10,10,10,0,1233,0,0,0,0,0.0,0.0,10.0,0.0,0.0,0.0,0.0,0.0,0.0,0.0,0.0,,,,230,6302
-33.3375,39.5307,125,18,2,2011,Estrada2016,LM,0,160.0,,30.0,30,100,80,30.0,100,40,,0.0,10,0.0,70,0,0.0,,0.0,0.0,10,10,0,0,0,0,0,0,137,2420,20,10,0,0.0,10.0,0.0,30.0,0.0,0.0,0.0,0.0,0.0,0.0,0.0,,,,200,5206
-33.1166,43.1489,3,19,2,2011,Estrada2016,LM,0,0.0,,10.0,0,10,30,10.0,650,20,,0.0,0,0.0,10,0,0.0,,0.0,0.0,30,0,160,20,0,0,30,0,411,20,10,0,0,0.0,0.0,0.0,0.0,0.0,0.0,0.0,0.0,0.0,0.0,0.0,,,,270,2740
-33.1166,43.1489,28,19,2,2011,Estrada2016,LM,0,0.0,,20.0,0,20,10,0.0,490,10,,0.0,0,0.0,10,0,0.0,,0.0,0.0,20,0,240,20,0,0,0,0,137,0,0,0,0,0.0,0.0,0.0,0.0,0.0,0.0,0.0,0.0,0.0,0.0,0.0,,,,40,1233
-33.1166,43.1489,110,19,2,2011,Estrada2016,LM,0,150.0,,20.0,20,10,20,20.0,10,10,,0.0,0,50.0,80,0,0.0,,0.0,50.0,0,0,10,0,0,0,0,0,0,959,0,0,0,0.0,0.0,20.0,40.0,0.0,0.0,0.0,0.0,0.0,0.0,0.0,10.0,,,120,9316
-30.033,61.2584,3,24,2,2011,Estrada2016,LM,0,0.0,,110.0,0,0,0,0.0,310,10,,0.0,0,0.0,0,0,0.0,,0.0,0.0,0,0,10,20,0,10,0,0,274,10,0,10,0,0.0,0.0,0.0,0.0,0.0,0.0,0.0,0.0,0.0,0.0,0.0,0.0,,,140,959
-30.033,61.2584,50,24,2,2011,Estrada2016,LM,0,0.0,,50.0,0,0,0,0.0,370,0,,0.0,0,0.0,0,0,0.0,,0.0,0.0,10,0,40,20,0,0,0,0,274,10,10,0,0,0.0,0.0,0.0,0.0,0.0,0.0,0.0,0.0,0.0,0.0,0.0,0.0,,,210,1644
-30.033,61.2584,130,24,2,2011,Estrada2016,LM,0,40.0,,10.0,0,0,20,70.0,80,20,,0.0,0,0.0,20,0,0.0,,0.0,10.0,50,0,40,0,0,20,0,0,0,60,10,10,0,0.0,0.0,0.0,0.0,0.0,0.0,0.0,0.0,0.0,0.0,0.0,0.0,,,130,3288
-27.5869,63.1486,3,25,2,2011,Estrada2016,LM,0,0.0,,260.0,0,0,0,0.0,280,20,,0.0,0,0.0,0,0,0.0,,0.0,0.0,0,0,40,20,0,0,0,0,1918,0,0,30,0,10.0,0.0,0.0,0.0,0.0,0.0,0.0,0.0,0.0,0.0,0.0,0.0,,,120,1370
-27.5869,63.1486,45,25,2,2011,Estrada2016,LM,10,0.0,,370.0,10,0,0,0.0,260,10,,0.0,0,0.0,0,0,0.0,,0.0,0.0,30,0,60,10,0,0,0,0,685,0,0,10,0,0.0,0.0,0.0,0.0,0.0,0.0,0.0,0.0,0.0,0.0,0.0,0.0,,,180,2603
-27.5869,63.1486,110,25,2,2011,Estrada2016,LM,10,180.0,,30.0,330,30,20,10.0,20,0,,40.0,20,30.0,580,0,0.0,,0.0,0.0,80,0,40,10,0,20,10,0,10,50,10,10,0,0.0,0.0,20.0,0.0,0.0,0.0,0.0,0.0,0.0,0.0,0.0,0.0,,,270,10823
-28.0765,66.2959,3,26,2,2011,Estrada2016,LM,10,0.0,,250.0,0,0,0,0.0,350,0,,0.0,0,0.0,0,0,0.0,,0.0,0.0,0,0,120,30,0,0,0,0,10,0,0,30,0,0.0,0.0,0.0,0.0,0.0,0.0,0.0,0.0,0.0,0.0,0.0,0.0,10.0,,170,2192
-28.0765,66.2959,40,26,2,2011,Estrada2016,LM,10,10.0,,450.0,10,0,20,0.0,110,20,,0.0,0,0.0,20,10,0.0,,0.0,0.0,10,0,80,40,0,10,0,0,548,0,0,0,0,0.0,0.0,0.0,0.0,0.0,0.0,0.0,0.0,0.0,0.0,0.0,0.0,30.0,,290,2877
-28.0765,66.2959,110,26,2,2011,Estrada2016,LM,0,100.0,,60.0,30,0,30,50.0,10,0,,30.0,10,0.0,480,0,0.0,,0.0,0.0,30,0,0,10,0,70,0,0,0,200,20,0,0,0.0,10.0,0.0,0.0,0.0,0.0,0.0,0.0,0.0,0.0,0.0,0.0,10.0,,180,16440
-29.2121,69.24,3,27,2,2011,Estrada2016,LM,0,0.0,,590.0,0,0,0,0.0,220,10,,0.0,0,0.0,0,0,0.0,,0.0,0.0,0,0,30,40,0,0,0,0,274,10,0,40,0,0.0,0.0,0.0,0.0,0.0,0.0,0.0,0.0,0.0,0.0,0.0,0.0,10.0,,170,1370
-29.2121,69.24,50,27,2,2011,Estrada2016,LM,0,0.0,,90.0,0,0,10,0.0,70,10,,0.0,0,0.0,0,0,0.0,,0.0,0.0,20,0,50,10,0,0,0,0,137,10,0,0,0,10.0,0.0,0.0,0.0,0.0,0.0,0.0,0.0,0.0,0.0,0.0,0.0,0.0,,120,3014
-29.2121,69.24,129,27,2,2011,Estrada2016,LM,0,30.0,,0.0,70,0,40,0.0,0,0,,0.0,0,0.0,280,0,0.0,,0.0,0.0,10,0,0,20,0,0,0,0,0,30,10,0,0,0.0,0.0,0.0,0.0,0.0,0.0,0.0,0.0,0.0,0.0,0.0,0.0,0.0,,80,2877
-29.3363,72.2665,3,28,2,2011,Estrada2016,LM,10,0.0,,240.0,0,0,0,0.0,80,0,,0.0,0,0.0,10,0,0.0,,0.0,0.0,0,0,20,50,0,0,0,0,0,0,0,10,0,0.0,0.0,0.0,0.0,0.0,0.0,0.0,0.0,0.0,0.0,0.0,0.0,0.0,,150,2329
-29.3363,72.2665,47,28,2,2011,Estrada2016,LM,0,0.0,,30.0,0,0,0,30.0,50,0,,0.0,0,0.0,0,0,0.0,,0.0,0.0,10,10,40,40,0,0,0,0,0,0,0,0,0,0.0,0.0,0.0,0.0,10.0,0.0,0.0,0.0,0.0,0.0,0.0,0.0,0.0,,180,3288
-29.3363,72.2665,131,28,2,2011,Estrada2016,LM,0,40.0,,50.0,0,0,10,80.0,0,20,,0.0,0,10.0,60,0,0.0,,0.0,0.0,10,10,0,0,0,0,0,0,10,30,0,0,0,0.0,0.0,0.0,0.0,0.0,0.0,0.0,0.0,0.0,0.0,0.0,0.0,0.0,,110,2603
-29.5426,76.056,3,3,1,2011,Estrada2016,LM,0,0.0,,350.0,0,0,0,0.0,190,0,,0.0,0,0.0,0,0,0.0,,0.0,0.0,0,0,30,60,0,0,0,0,10,0,0,20,0,0.0,0.0,0.0,0.0,0.0,0.0,0.0,0.0,0.0,0.0,0.0,0.0,0.0,,160,2877
-29.5426,76.056,35,3,1,2011,Estrada2016,LM,0,0.0,,40.0,0,0,0,0.0,20,10,,0.0,0,0.0,0,0,0.0,,0.0,0.0,0,0,40,50,0,0,0,0,0,0,0,10,0,10.0,0.0,10.0,0.0,0.0,0.0,0.0,0.0,0.0,0.0,0.0,0.0,0.0,,210,2740
-29.5426,76.056,141,3,1,2011,Estrada2016,LM,0,20.0,,50.0,10,0,40,70.0,0,0,,0.0,0,0.0,20,0,0.0,,0.0,10.0,20,10,30,0,0,10,0,0,0,20,0,30,0,0.0,0.0,0.0,0.0,0.0,0.0,0.0,0.0,0.0,0.0,0.0,0.0,0.0,,230,3973
-29.4965,79.3666,3,3,2,2011,Estrada2016,LM,0,0.0,,0.0,0,0,0,20.0,380,0,,0.0,0,0.0,0,0,0.0,,0.0,0.0,0,0,40,0,0,0,0,0,0,0,0,0,0,0.0,0.0,0.0,0.0,0.0,0.0,0.0,0.0,0.0,0.0,0.0,0.0,0.0,,60,411
-29.4965,79.3666,43,3,2,2011,Estrada2016,LM,0,0.0,,0.0,0,0,0,0.0,110,20,,0.0,0,0.0,10,10,0.0,,0.0,0.0,0,0,40,20,0,0,0,0,0,0,0,0,0,10.0,0.0,0.0,0.0,0.0,0.0,0.0,0.0,0.0,0.0,0.0,0.0,0.0,,120,1233
-29.4965,79.3666,128,3,2,2011,Estrada2016,LM,0,0.0,,10.0,0,0,10,20.0,10,10,,0.0,0,0.0,20,0,0.0,,0.0,10.0,0,0,40,20,0,0,20,0,0,10,0,20,0,0.0,0.0,10.0,0.0,0.0,0.0,0.0,0.0,0.0,0.0,0.0,0.0,0.0,,50,1644
-29.4863,82.374,3,3,3,2011,Estrada2016,LM,0,0.0,,0.0,0,0,0,20.0,510,0,,0.0,0,0.0,0,0,0.0,,0.0,0.0,0,0,30,30,0,0,0,0,0,0,0,0,0,0.0,0.0,0.0,0.0,0.0,0.0,0.0,0.0,0.0,0.0,0.0,0.0,0.0,,150,1233
-29.4863,82.374,58,3,3,2011,Estrada2016,LM,0,0.0,,0.0,0,0,0,100.0,100,0,,0.0,0,0.0,0,0,0.0,,0.0,0.0,10,0,60,20,0,0,0,0,0,40,0,0,0,0.0,0.0,0.0,0.0,0.0,0.0,0.0,0.0,0.0,0.0,0.0,0.0,0.0,,140,2055
-29.4863,82.374,135,3,3,2011,Estrada2016,LM,0,0.0,,0.0,0,0,0,190.0,0,30,,0.0,0,0.0,10,0,0.0,,0.0,0.0,20,0,50,0,0,0,0,10,0,0,0,10,0,0.0,0.0,0.0,0.0,0.0,0.0,0.0,0.0,0.0,0.0,0.0,0.0,30.0,,120,1644
-29.4493,86.1539,3,3,4,2011,Estrada2016,LM,0,,,,0,0,0,,260,0,,,0,,0,0,0.0,,0.0,,0,0,10,30,0,0,10,0,0,0,0,0,0,,,,,,,,,,,,,,,80,1918
-29.4493,86.1539,58,3,4,2011,Estrada2016,LM,0,,,,0,0,0,,60,20,,,0,,0,10,0.0,,0.0,,10,0,80,0,0,0,10,0,10,0,0,0,0,,,,,,,,,,,,,,,180,2466
-29.4493,86.1539,151,3,4,2011,Estrada2016,LM,0,,,,0,10,0,,0,10,,,0,,274,0,0.0,,0.0,,0,10,0,10,0,0,0,0,0,10,0,0,0,,,,,,,,,,,,,,,60,685
-29.4168,89.2991,3,3,5,2011,Estrada2016,LM,0,,,,0,0,0,,822,10,,,0,,10,0,0.0,,0.0,,0,0,0,10,0,0,0,0,0,0,0,0,0,,,,,,,,,,,,,,,30,548
-29.4168,89.2991,50,3,5,2011,Estrada2016,LM,0,,,,0,0,20,,30,0,,,0,,0,0,10.0,,10.0,,20,0,10,10,0,0,0,0,0,0,0,0,0,,,,,,,,,,,,,,,90,2740
-29.4168,89.2991,120,3,5,2011,Estrada2016,LM,0,,,,0,0,0,,0,0,,,10,,10,0,0.0,,0.0,,0,0,40,0,0,10,0,0,0,0,0,10,0,,,,,,,,,,,,,,,40,685
-29.3761,92.5905,3,3,6,2011,Estrada2016,LM,10,,,,0,0,10,,440,0,,,0,0.0,0,0,0.0,,0.0,,0,0,70,40,0,0,0,0,0,0,0,0,10,,,,,,,,,,,,,,,40,3014
-29.3761,92.5905,39,3,6,2011,Estrada2016,LM,0,,,,0,0,30,,80,10,,,0,0.0,0,0,0.0,,0.0,,0,0,40,10,0,0,0,0,0,0,0,0,0,,,,,,,,,,,,,,,20,5206
-29.3761,92.5905,119,3,6,2011,Estrada2016,LM,0,,,,20,10,10,,0,10,,,0,90.0,50,0,0.0,,0.0,,10,0,10,0,0,0,0,0,0,0,0,20,0,,,,,,,,,,,,,,,60,2466
-29.3444,96.2444,3,3,7,2011,Estrada2016,LM,0,,,,0,0,0,,411,20,,,0,0.0,0,0,0.0,,0.0,,10,0,40,0,0,0,0,0,0,0,0,0,0,,,,,,,,,,,,,,,50,2055
-29.3444,96.2444,50,3,7,2011,Estrada2016,LM,0,,,,0,0,20,,120,10,,,0,0.0,0,0,0.0,,0.0,,20,10,50,0,0,0,0,0,0,0,0,0,0,,,,,,,,,,,,,,,70,4795
-29.3444,96.2444,120,3,7,2011,Estrada2016,LM,0,,,,50,0,130,,40,40,,,0,0.0,100,0,0.0,,0.0,,60,0,10,0,0,0,0,0,0,0,0,0,0,,,,,,,,,,,,,,,80,5891
-30.1996,103.1845,3,3,8,2011,Estrada2016,LM,0,,,,0,0,0,,411,10,,0.0,0,0.0,0,0,0.0,,0.0,,20,0,60,10,0,0,0,0,0,0,0,0,10,,,,,,,,,,,,,,,60,685
-30.1996,103.1845,39,3,8,2011,Estrada2016,LM,0,,,,0,0,0,,80,10,,0.0,0,0.0,0,0,0.0,,0.0,,10,0,40,30,0,0,0,0,0,0,0,0,0,,,,,,,,,,,,,,,60,3151
-30.1996,103.1845,119,3,8,2011,Estrada2016,LM,0,,,,10,0,0,,0,20,,0.0,0,0.0,50,0,0.0,,0.0,,20,0,0,0,0,0,0,0,0,0,0,0,0,,,,,,,,,,,,,,,50,3562
-30.1965,103.1904,3,3,9,2011,Estrada2016,LM,10,,,,10,0,0,,1096,0,,0.0,0,0.0,0,0,0.0,,0.0,,10,0,70,20,0,0,0,0,20,0,0,0,0,30.0,,,,,,,,,,,,,,210,3562
-30.1965,103.1904,46,3,9,2011,Estrada2016,LM,0,,,,0,10,20,,685,0,,0.0,0,0.0,0,0,0.0,,0.0,,10,0,70,10,10,0,10,0,30,0,0,0,0,10.0,,,,,,,,,,,,,,190,3288
-30.1965,103.1904,101,3,9,2011,Estrada2016,LM,0,,,,70,30,40,,0,10,,10.0,0,0.0,70,0,0.0,,0.0,,0,0,0,0,0,0,0,0,0,0,0,0,0,0.0,,,,,,,,,,,,,,100,1644
-30.4863,107.1423,3,3,10,2011,Estrada2016,LM,10,,,,0,0,0,,685,0,,0.0,0,0.0,0,0,0.0,,0.0,,10,0,90,10,0,0,0,0,70,0,0,0,0,30.0,,,,,,,,,,,,,,60,1370
-30.4863,107.1423,32,3,10,2011,Estrada2016,LM,0,,,,0,0,0,,100,0,,0.0,0,0.0,0,0,0.0,,0.0,,20,0,10,0,0,0,0,0,20,0,0,0,10,0.0,,,,,,,,,,,,,,60,1233
-30.4863,107.1423,101,3,10,2011,Estrada2016,LM,0,,,,50,150,60,,10,10,,30.0,0,10.0,150,0,0.0,,10.0,,10,0,0,0,0,0,0,0,30,0,10,0,0,0.0,,,,,,,,,,,,,,50,4247
-31.0804,110.1242,3,3,11,2011,Estrada2016,LM,20,,,,0,0,0,,822,0,,0.0,0,0.0,10,0,0.0,,0.0,,40,0,120,30,0,0,0,0,1918,0,0,0,0,20.0,,,,,,,,,,,,,,160,3562
-31.0804,110.1242,31,3,11,2011,Estrada2016,LM,0,,,,0,0,0,,548,0,,0.0,0,0.0,0,0,0.0,,0.0,,40,0,180,50,0,0,0,0,2192,0,0,0,0,20.0,,,,,,,,,,,,,,330,5069
-31.0804,110.1242,92,3,11,2011,Estrada2016,LM,0,,,,40,130,0,,210,0,,0.0,0,0.0,20,0,0.0,,0.0,,40,10,40,0,0,0,0,0,30,0,0,0,0,0.0,,,,,,,,,,,,,,260,4658
-31.3322,113.2801,3,3,12,2011,Estrada2016,LM,0,,,,0,0,0,,822,0,,0.0,0,0.0,0,0,0.0,,0.0,,0,0,150,30,0,0,0,0,274,0,0,0,0,10.0,,,,,,,,,,,,,,120,1096
-31.3322,113.2801,35,3,12,2011,Estrada2016,LM,0,,,,0,0,0,,959,0,,0.0,0,0.0,10,0,0.0,,0.0,,0,0,100,0,0,0,0,0,70,0,0,0,0,0.0,,,,,,,,,,,,,,170,1918
-31.3322,113.2801,100,3,12,2011,Estrada2016,LM,0,,,,40,70,0,,40,0,,0.0,0,0.0,50,0,0.0,,0.0,,10,0,20,0,0,0,0,0,0,0,0,0,0,0.0,,,,,,,,,,,,,,110,3014
-35.59,117.2442,3,19,3,2011,Estrada2016,LM,10,,,,10,10,0,,548,0,,0.0,0,0.0,0,0,0.0,,0.0,,10,0,30,0,0,0,0,0,548,0,0,0,0,0.0,,,,,,,,,,,,,,90,2740
-35.59,117.2442,32,19,3,2011,Estrada2016,LM,0,,,,0,0,0,,180,0,,0.0,0,0.0,0,0,0.0,,0.0,,10,0,0,0,0,0,0,0,685,0,0,0,0,0.0,,,,,,,,,,,,,,200,1644
-35.59,117.2442,80,19,3,2011,Estrada2016,LM,0,,,,0,30,0,,20,0,,0.0,0,0.0,0,0,0.0,,0.0,,10,0,0,0,0,0,0,0,20,0,0,0,0,0.0,,,,,,,,,,,,,,60,1096
-36.3836,120.5137,3,20,3,2011,Estrada2016,LM,0,,,,0,0,10,,440,10,,0.0,0,0.0,10,0,0.0,,0.0,,30,0,20,0,0,0,0,0,685,0,0,0,0,0.0,,,,,,,,,,,,,,130,2603
-36.3836,120.5137,104,20,3,2011,Estrada2016,LM,0,,,,0,0,0,,0,0,,0.0,0,0.0,60,0,0.0,,0.0,,0,0,0,0,0,0,0,0,20,0,0,0,0,0.0,,,,,,,,,,,,,,130,1370
-37.1436,124.5387,3,21,3,2011,Estrada2016,LM,10,,,,40,0,0,,548,0,,0.0,0,0.0,0,0,0.0,,0.0,,50,0,30,30,10,0,0,10,180,0,0,0,0,0.0,,,,,,,,,,,,,,220,5206
-37.1436,124.5387,36,21,3,2011,Estrada2016,LM,10,,,,30,0,0,,140,0,,0.0,0,0.0,0,0,0.0,,0.0,,30,0,40,10,0,0,0,0,60,0,0,0,0,0.0,,,,,,,,,,,,,,210,6439
-37.1436,124.5387,76,21,3,2011,Estrada2016,LM,10,,,,20,0,0,,30,10,,0.0,10,0.0,20,0,0.0,,0.0,,40,0,30,0,10,0,0,0,0,0,10,0,0,0.0,,,,,,,,,,,,,,120,6302
-37.5336,127.4502,3,22,3,2011,Estrada2016,LM,10,,,,10,0,0,,90,10,,0.0,0,0.0,0,0,0.0,,0.0,,30,0,70,0,10,0,10,0,548,0,0,0,0,0.0,,,,,,,,,,,,,,320,13015
-37.5336,127.4502,38,22,3,2011,Estrada2016,LM,0,,,,10,0,0,,70,0,,0.0,10,0.0,10,0,0.0,,0.0,,60,0,90,0,0,0,0,0,40,0,0,0,0,0.0,,,,,,,,,,,,,,190,13837
-37.5336,127.4502,66,22,3,2011,Estrada2016,LM,0,,,,90,0,0,,0,0,,0.0,10,0.0,180,0,0.0,,0.0,,40,0,150,0,0,10,20,40,0,0,0,0,0,0.0,,,,,,,,,,,,,,250,8905
-38.3465,131.3039,3,23,3,2011,Estrada2016,LM,0,,,,0,0,0,,180,10,,0.0,0,0.0,0,0,0.0,,0.0,,50,0,50,10,0,0,10,20,30,0,0,0,0,0.0,,,,,,,,,,,,,,110,3151
-38.3465,131.3039,41,23,3,2011,Estrada2016,LM,10,,,,20,0,0,,200,30,,0.0,0,0.0,0,0,0.0,,0.0,,80,0,60,10,10,0,0,10,0,0,0,0,0,0.0,,,,,,,,,,,,,,170,4521
-38.3465,131.3039,71,23,3,2011,Estrada2016,LM,0,,,,90,20,0,,0,20,,10.0,0,0.0,80,0,0.0,,10.0,,30,0,40,0,0,0,0,0,0,0,0,0,0,0.0,,,,,,,,,,,,,,70,4658
-39.1455,135.0833,3,24,3,2011,Estrada2016,LM,20,,,,0,0,0,,290,0,,0.0,0,10.0,10,0,0.0,,0.0,,30,0,10,0,0,0,0,0,0,0,0,0,0,0.0,,,,,,,,,,,,,,130,5343
-39.1455,135.0833,71,24,3,2011,Estrada2016,LM,0,,,,0,10,0,,0,0,,0.0,0,20.0,20,0,0.0,,0.0,,0,0,0,0,0,0,0,0,0,0,0,0,0,0.0,,,,,,,,,,,,,,10,2603
-39.5201,138.4412,3,25,3,2011,Estrada2016,LM,0,,,,0,0,0,,10,10,,0.0,0,0.0,0,0,0.0,,0.0,,0,0,10,0,0,0,0,0,40,0,0,0,0,0.0,,,,,,,,,,,,,,200,16029
-39.5201,138.4412,30,25,3,2011,Estrada2016,LM,0,,,,10,0,0,,0,20,,0.0,0,0.0,10,0,0.0,,0.0,,0,0,30,0,0,0,0,0,70,0,0,0,0,0.0,,,,,,,,,,,,,,190,14385
-39.5201,138.4412,60,25,3,2011,Estrada2016,LM,0,,,,0,0,0,,0,0,,20.0,0,0.0,0,0,0.0,,0.0,,20,0,20,0,0,0,0,0,10,0,0,0,0,0.0,,,,,,,,,,,,,,680,10823
-40.3302,142.2982,3,26,3,2011,Estrada2016,LM,0,,,,0,0,0,,0,20,,0.0,0,0.0,10,0,0.0,,0.0,,10,0,10,20,10,0,0,0,30,0,0,0,0,0.0,,,,,,,,,,,,,,180,23564
-40.3302,142.2982,26,26,3,2011,Estrada2016,LM,0,,,,0,0,0,,0,10,,0.0,0,0.0,0,0,0.0,,0.0,,10,0,20,10,0,0,0,0,10,0,0,0,0,0.0,,,,,,,,,,,,,,180,15892
-40.3302,142.2982,69,26,3,2011,Estrada2016,LM,0,,,,0,10,0,,0,10,,0.0,0,0.0,20,0,0.0,,0.0,,0,0,10,0,0,0,0,0,0,0,0,0,0,0.0,,,,,,,,,,,,,,160,10549
-38.3728,150.2504,3,27,3,2011,Estrada2016,LM,0,,,,80,120,0,,550,0,,60.0,0,0.0,30,0,0.0,,0.0,,50,0,20,10,40,0,0,0,120,0,0,0,0,0.0,,,,,,,,,,,,,,310,10823
-38.3728,150.2504,30,27,3,2011,Estrada2016,LM,10,,,,130,60,0,,410,10,,80.0,0,0.0,30,0,0.0,,0.0,,60,0,90,30,30,0,0,0,120,0,0,0,0,0.0,,,,,,,,,,,,,,200,10686
-38.3728,150.2504,60,27,3,2011,Estrada2016,LM,0,,,,100,190,0,,40,20,,40.0,10,0.0,160,0,0.0,,10.0,,0,0,10,0,0,0,0,0,30,0,0,0,0,0.0,,,,,,,,,,,,,,690,22742
-36.385,151.0037,3,28,3,2011,Estrada2016,LM,30,,,,90,50,0,,1233,10,,20.0,0,0.0,40,0,0.0,,0.0,,130,10,110,70,40,0,0,0,1233,0,110,0,0,0.0,,,,,,,,,,,,,,490,14385
-36.385,151.0037,31,28,3,2011,Estrada2016,LM,0,,,,70,50,0,,2603,40,,60.0,0,0.0,20,0,0.0,,0.0,,60,0,90,20,0,0,0,0,1370,0,90,20,0,0.0,,,,,,,,,,,,,,730,12741
-36.385,151.0037,80,28,3,2011,Estrada2016,LM,10,,,,190,220,0,,560,10,,150.0,0,0.0,90,0,0.0,,20.0,,20,0,10,0,0,0,0,0,110,0,120,0,0,0.0,,,,,,,,,,,,,,750,14933
-34.0337,176.0095,3,16,4,2011,Estrada2016,LM,20,,,,0,0,10,20.0,548,0,,20.0,0,0.0,20,0,0.0,,0.0,,40,0,70,50,0,20,0,0,1096,0,0,0,0,0.0,,,,,,,,,,,,,,550,4795
-34.0337,176.0095,28,16,4,2011,Estrada2016,LM,20,,,,0,10,40,10.0,685,10,,30.0,0,0.0,0,0,0.0,,0.0,,60,10,120,80,0,20,0,10,685,0,0,0,0,0.0,,,,,,,,,,,,,,600,3288
-34.0337,176.0095,88,16,4,2011,Estrada2016,LM,10,,,,20,50,20,0.0,40,0,,50.0,0,0.0,30,0,0.0,,0.0,,60,10,110,10,0,0,0,0,1233,0,0,0,0,0.0,,,,,,,,,,,,,,310,8768
-25.2939,-179.3142,3,19,4,2011,Estrada2016,LM,10,,,,50,40,0,10.0,290,10,,0.0,0,0.0,10,0,0.0,,0.0,,10,20,50,40,0,0,0,0,685,10,0,0,0,0.0,0.0,,,,,,,,,,,,,260,4110
-25.2939,-179.3142,51,19,4,2011,Estrada2016,LM,20,,,,30,10,10,0.0,210,10,,0.0,0,0.0,0,0,0.0,,0.0,,10,20,20,10,0,0,0,0,548,0,0,0,0,0.0,0.0,,,,,,,,,,,,,60,4110
-25.2939,-179.3142,107,19,4,2011,Estrada2016,LM,0,,,,220,20,20,0.0,0,0,,10.0,0,0.0,270,0,0.0,,0.0,,0,0,0,0,0,0,0,0,0,0,0,0,0,0.0,80.0,,,,,,,,,,,,,90,959
-23.2263,-178.1265,3,20,4,2011,Estrada2016,LM,20,,,,20,0,0,0.0,130,10,,0.0,0,0.0,0,0,0.0,,0.0,,0,0,40,0,0,0,0,0,959,0,0,0,0,0.0,20.0,,,,,,,,,,,,,60,1644
-23.2263,-178.1265,37,20,4,2011,Estrada2016,LM,10,,,,20,0,0,0.0,170,0,,0.0,0,0.0,0,10,0.0,,0.0,,0,0,20,0,0,0,0,0,548,0,0,0,0,0.0,0.0,,,,,,,,,,,,,90,1096
-23.2263,-178.1265,110,20,4,2011,Estrada2016,LM,0,,,,20,80,0,0.0,0,10,,20.0,10,0.0,30,0,0.0,,0.0,,0,0,0,0,0,0,0,0,10,0,10,0,0,0.0,0.0,,,,,,,,,,,,,190,2192
-20.3966,-176.5518,3,21,4,2011,Estrada2016,LM,0,,,,10,0,0,0.0,150,10,,0.0,0,0.0,0,0,0.0,,0.0,,0,0,20,0,0,30,0,0,1918,0,0,0,0,0.0,0.0,,,,,,,,,,,,,100,2466
-20.3966,-176.5518,41,21,4,2011,Estrada2016,LM,10,,,,0,0,0,0.0,210,10,,0.0,0,0.0,0,0,0.0,,0.0,,0,0,20,0,0,10,0,0,2740,0,0,0,0,0.0,10.0,,,,,,,,,,,,,90,2192
-20.3966,-176.5518,90,21,4,2011,Estrada2016,LM,0,,,,50,50,0,0.0,0,0,,90.0,0,0.0,40,0,0.0,,0.0,,10,0,0,0,0,0,0,0,30,0,0,0,0,0.0,0.0,,,,,,,,,,,,,50,1370
-18.3365,-175.494,3,22,4,2011,Estrada2016,LM,10,,,,10,0,0,0.0,360,0,,0.0,0,0.0,0,0,0.0,,0.0,,0,0,60,0,0,0,0,0,2466,0,0,0,0,0.0,0.0,,,,,,,,,,,,,180,3973
-18.3365,-175.494,35,22,4,2011,Estrada2016,LM,0,,,,10,0,0,0.0,170,0,,0.0,0,0.0,0,0,0.0,,0.0,,0,0,20,0,0,0,0,0,1781,0,20,0,0,0.0,20.0,,,,,,,,,,,,,90,3014
-18.3365,-175.494,95,22,4,2011,Estrada2016,LM,0,,,,10,60,0,0.0,0,0,,10.0,20,0.0,190,0,0.0,,0.0,,0,0,0,0,0,0,0,0,100,0,40,0,0,0.0,0.0,,,,,,,,,,,,,100,2055
-15.5418,-174.2921,3,23,4,2011,Estrada2016,LM,10,10.0,,,0,0,0,0.0,130,0,,0.0,0,0.0,0,0,0.0,,0.0,,0,0,30,0,0,10,0,0,1096,0,0,0,0,0.0,10.0,30.0,,,,,,,,,,,,100,1644
-15.5418,-174.2921,30,23,4,2011,Estrada2016,LM,0,10.0,,,0,0,0,0.0,170,0,,0.0,0,0.0,0,0,0.0,,0.0,,0,0,40,0,0,10,0,0,1507,0,0,30,0,0.0,0.0,40.0,,,,,,,,,,,,130,1507
-15.5418,-174.2921,105,23,4,2011,Estrada2016,LM,0,70.0,,,20,10,0,0.0,0,0,,0.0,0,0.0,90,0,0.0,,0.0,,0,0,0,0,0,0,0,0,20,0,0,0,10,0.0,0.0,10.0,,,,,,,,,,,,140,6439
-13.3187,-173.2231,3,24,4,2011,Estrada2016,LM,0,0.0,,,10,30,0,0.0,120,0,,0.0,0,0.0,0,0,0.0,,0.0,,0,0,0,0,0,10,0,0,250,0,170,10,0,0.0,0.0,40.0,,,,,,,,,,,,160,1781
-13.3187,-173.2231,35,24,4,2011,Estrada2016,LM,0,0.0,,,20,80,0,0.0,100,0,,10.0,0,0.0,0,0,0.0,,0.0,,0,0,0,0,0,10,0,0,440,0,140,0,0,0.0,0.0,70.0,,,,,,,,,,,,150,3151
-13.3187,-173.2231,113,24,4,2011,Estrada2016,LM,10,50.0,,,60,120,0,0.0,10,10,,685.0,10,0.0,3699,0,0.0,,0.0,,0,0,0,0,0,0,0,0,30,0,50,0,0,0.0,0.0,0.0,,,,,,,,,,,,300,3699
-11.1452,-172.3778,3,25,4,2011,Estrada2016,LM,10,0.0,,,0,0,0,0.0,180,0,,0.0,0,0.0,0,0,0.0,,0.0,,0,0,0,0,0,0,0,0,2603,0,310,0,0,0.0,0.0,20.0,,,,,,,,,,,,90,2192
-11.1452,-172.3778,51,25,4,2011,Estrada2016,LM,0,0.0,,,10,0,0,0.0,150,0,,0.0,0,0.0,0,0,0.0,,0.0,,10,0,20,10,0,10,0,0,3699,0,570,0,0,0.0,0.0,60.0,,,,,,,,,,,,120,1781
-11.1452,-172.3778,115,25,4,2011,Estrada2016,LM,0,20.0,,,0,0,0,0.0,0,0,,0.0,0,0.0,2329,0,0.0,,0.0,,0,0,10,0,0,10,0,0,90,0,30,0,0,0.0,0.0,0.0,,,,,,,,,,,,60,6439
-9.2845,-172.1788,3,26,4,2011,Estrada2016,LM,0,0.0,,0.0,0,0,0,0.0,20,0,,0.0,0,0.0,0,0,0.0,,0.0,0.0,0,0,20,0,0,0,0,0,1370,0,300,0,0,0.0,0.0,0.0,0.0,0.0,0.0,0.0,0.0,0.0,0.0,0.0,,,,20,3836
-9.2845,-172.1788,42,26,4,2011,Estrada2016,LM,20,0.0,,10.0,0,0,0,0.0,20,0,,0.0,0,0.0,0,0,0.0,,0.0,0.0,0,0,30,0,0,0,0,10,2055,0,450,0,10,0.0,0.0,0.0,0.0,0.0,0.0,0.0,0.0,0.0,0.0,0.0,,,,80,1507
-9.2845,-172.1788,109,26,4,2011,Estrada2016,LM,0,0.0,,,0,0,0,0.0,0,10,,0.0,0,10.0,411,0,0.0,,0.0,0.0,0,0,30,0,0,0,0,0,10,0,0,10,0,0.0,10.0,0.0,,,,,,,,,,,,120,9864
-7.0363,-171.2343,3,27,4,2011,Estrada2016,LM,10,0.0,,40.0,0,0,0,0.0,0,0,,0.0,0,0.0,10,0,0.0,,0.0,0.0,0,0,60,30,0,0,10,40,1507,0,0,0,0,0.0,0.0,0.0,0.0,0.0,0.0,0.0,0.0,0.0,0.0,0.0,,,,120,6302
-7.0363,-171.2343,35,27,4,2011,Estrada2016,LM,20,0.0,,30.0,0,0,0,0.0,0,0,,0.0,0,0.0,0,0,0.0,,0.0,0.0,0,0,20,40,0,0,0,0,2740,0,0,0,0,0.0,0.0,0.0,0.0,0.0,0.0,0.0,0.0,0.0,0.0,0.0,,,,110,11234
-7.0363,-171.2343,100,27,4,2011,Estrada2016,LM,0,0.0,,80.0,180,0,0,0.0,0,10,,0.0,10,10.0,1233,10,0.0,,0.0,0.0,0,0,10,0,0,10,0,0,411,0,0,30,0,0.0,0.0,0.0,0.0,0.0,0.0,0.0,0.0,0.0,0.0,0.0,,,,40,8083
-5.45,-170.4444,3,28,4,2011,Estrada2016,LM,10,0.0,,10.0,0,0,0,0.0,0,0,,0.0,0,0.0,0,0,0.0,,0.0,0.0,0,0,40,50,0,0,0,0,2740,0,0,30,0,0.0,0.0,0.0,0.0,0.0,0.0,0.0,0.0,0.0,0.0,0.0,,,,80,12741
-5.45,-170.4444,35,28,4,2011,Estrada2016,LM,0,0.0,,0.0,0,0,0,0.0,0,0,,0.0,0,10.0,30,0,0.0,,0.0,0.0,0,0,110,80,0,0,0,0,2877,0,20,0,0,0.0,0.0,0.0,0.0,0.0,0.0,0.0,0.0,0.0,0.0,0.0,,,,90,17810
-5.45,-170.4444,80,28,4,2011,Estrada2016,LM,0,0.0,,0.0,60,0,0,0.0,0,10,,0.0,40,10.0,50,0,0.0,,0.0,0.0,0,0,0,20,0,0,10,0,3973,0,0,0,0,0.0,0.0,0.0,0.0,0.0,0.0,0.0,0.0,0.0,0.0,0.0,,,,60,7261
-3.2462,-169.2775,3,29,4,2011,Estrada2016,LM,0,0.0,,20.0,10,0,0,0.0,0,30,,0.0,0,0.0,20,0,0.0,,0.0,0.0,0,0,30,40,0,0,0,0,685,0,0,30,10,0.0,0.0,0.0,0.0,0.0,0.0,0.0,0.0,0.0,0.0,0.0,,,,90,11645
-3.2462,-169.2775,35,29,4,2011,Estrada2016,LM,10,0.0,,10.0,0,0,0,0.0,0,0,,0.0,0,0.0,10,0,0.0,,0.0,0.0,0,0,50,20,0,0,0,0,1233,0,0,0,0,0.0,0.0,0.0,0.0,0.0,0.0,0.0,0.0,0.0,0.0,0.0,,,,30,11508
-3.2462,-169.2775,65,29,4,2011,Estrada2016,LM,0,0.0,,0.0,50,0,0,0.0,0,0,,0.0,10,20.0,30,0,0.0,,0.0,0.0,0,0,10,0,0,0,0,0,411,0,0,0,0,0.0,0.0,0.0,0.0,0.0,0.0,0.0,0.0,0.0,0.0,0.0,,,,20,11782
-1.1819,-168.2124,3,30,4,2011,Estrada2016,LM,10,0.0,,,100,0,0,0.0,0,0,,0.0,0,40.0,822,0,0.0,,0.0,,0,0,0,0,0,0,0,0,20,0,0,0,0,0.0,0.0,0.0,,,,,,,,,,,,90,25345
-1.1819,-168.2124,35,30,4,2011,Estrada2016,LM,0,0.0,,,310,0,0,0.0,0,0,,0.0,0,30.0,2055,0,0.0,,0.0,,0,0,0,0,0,0,0,0,1096,0,0,0,0,0.0,0.0,0.0,,,,,,,,,,,,60,35620
1.3593,-166.5097,3,5,1,2011,Estrada2016,LM,0,0.0,,,230,0,0,0.0,0,0,,20.0,10,550.0,411,0,0.0,,0.0,,0,0,0,0,0,0,0,0,10,0,0,0,0,0.0,0.0,0.0,,,,,,,,,,,,160,34661
1.3593,-166.5097,35,5,1,2011,Estrada2016,LM,0,0.0,,,220,0,0,0.0,0,0,,20.0,40,370.0,1918,0,0.0,,0.0,,0,0,0,0,0,0,0,0,10,0,0,0,0,0.0,0.0,0.0,,,,,,,,,,,,60,26441
1.3593,-166.5097,80,5,1,2011,Estrada2016,LM,0,0.0,,,160,10,0,0.0,0,0,,0.0,10,290.0,1233,0,0.0,,0.0,,0,0,0,0,0,10,0,0,0,0,0,0,0,0.0,0.0,0.0,,,,,,,,,,,,120,22194
3.4489,-165.4639,3,5,2,2011,Estrada2016,LM,0,0.0,,,10,0,0,0.0,0,0,,0.0,20,30.0,274,0,0.0,,0.0,,0,0,0,0,0,0,0,0,0,0,0,0,0,0.0,0.0,0.0,,,,,,,,,,,,180,20139
3.4489,-165.4639,30,5,2,2011,Estrada2016,LM,0,0.0,,,40,0,0,0.0,0,0,,0.0,10,10.0,822,0,0.0,,0.0,,0,0,0,0,0,0,0,0,10,0,0,0,0,0.0,0.0,0.0,,,,,,,,,,,,220,19317
3.4489,-165.4639,80,5,2,2011,Estrada2016,LM,10,0.0,,,80,0,0,0.0,0,10,,0.0,30,30.0,1918,0,0.0,,10.0,,0,0,0,0,0,0,0,0,30,0,0,0,0,0.0,0.0,0.0,,,,,,,,,,,,190,17947
6.5953,-164.223,3,5,3,2011,Estrada2016,LM,40,0.0,,,0,0,0,0.0,0,0,,0.0,0,10.0,1370,0,0.0,,0.0,0.0,0,0,0,0,0,0,0,0,0,0,0,0,0,0.0,0.0,10.0,,,,,,,,,,,,380,13700
6.5953,-164.223,31,5,3,2011,Estrada2016,LM,80,0.0,,,10,0,0,0.0,0,0,,0.0,0,30.0,1096,0,0.0,,0.0,10.0,0,0,0,0,0,0,0,0,10,0,0,0,0,0.0,0.0,0.0,,,,,,,,,,,,330,15618
6.5953,-164.223,81,5,3,2011,Estrada2016,LM,10,30.0,,,50,30,0,0.0,0,0,,0.0,0,40.0,1233,0,0.0,,0.0,10.0,0,0,0,0,0,0,0,0,0,0,20,0,0,0.0,30.0,0.0,,,,,,,,,,,,290,18632
9.1207,-163.297,3,5,4,2011,Estrada2016,LM,411,0.0,,130.0,0,0,0,0.0,0,0,,0.0,0,0.0,40,10,0.0,,0.0,0.0,0,0,10,0,0,0,0,0,0,0,20,0,0,0.0,0.0,0.0,0.0,0.0,0.0,0.0,0.0,0.0,0.0,0.0,,,,460,16714
9.1207,-163.297,30,5,4,2011,Estrada2016,LM,959,10.0,,,50,0,0,0.0,0,0,,0.0,0,10.0,137,0,0.0,,0.0,0.0,0,0,10,0,0,0,0,0,10,0,240,0,0,0.0,0.0,0.0,,,,,,,,,,,,560,15618
9.1207,-163.297,90,5,4,2011,Estrada2016,LM,0,0.0,,70.0,40,10,0,0.0,0,0,,0.0,0,0.0,280,0,0.0,,0.0,0.0,0,0,0,20,0,0,0,0,0,0,40,0,0,0.0,0.0,0.0,0.0,0.0,0.0,0.0,0.0,0.0,0.0,0.0,,,,490,16029
11.3555,-162.2457,3,5,5,2011,Estrada2016,LM,20,0.0,,,0,0,0,0.0,210,10,,0.0,0,10.0,0,0,0.0,,0.0,0.0,0,0,60,60,0,0,0,0,1507,0,650,0,0,0.0,0.0,0.0,,,,,,,,,,,,270,3288
11.3555,-162.2457,45,5,5,2011,Estrada2016,LM,0,0.0,,,0,0,0,0.0,170,20,,0.0,0,0.0,0,0,0.0,,0.0,0.0,10,0,50,40,0,0,0,20,2055,0,530,0,0,0.0,0.0,0.0,,,,,,,,,,,,600,6165
11.3555,-162.2457,140,5,5,2011,Estrada2016,LM,0,100.0,,10.0,80,30,20,0.0,0,10,,0.0,20,0.0,220,0,0.0,,0.0,0.0,10,0,20,0,0,0,0,0,0,0,10,10,0,0.0,0.0,0.0,30.0,0.0,0.0,0.0,0.0,0.0,0.0,0.0,,,,220,2603
14.5981,-160.4896,3,5,6,2011,Estrada2016,LM,20,20.0,,,0,0,0,20.0,190,10,,0.0,0,20.0,10,0,0.0,,0.0,0.0,10,0,30,50,0,10,0,0,1233,0,690,0,10,0.0,0.0,0.0,,,,,,,,,,,,390,2192
14.5981,-160.4896,40,5,6,2011,Estrada2016,LM,0,0.0,,0.0,0,0,0,10.0,190,10,,0.0,0,0.0,0,0,0.0,,0.0,0.0,10,0,70,40,0,0,10,0,548,0,740,0,0,0.0,0.0,0.0,0.0,0.0,0.0,0.0,0.0,0.0,0.0,0.0,,,,410,2877
14.5981,-160.4896,140,5,6,2011,Estrada2016,LM,0,110.0,,,30,0,0,0.0,0,0,,0.0,10,0.0,411,0,0.0,,0.0,20.0,10,0,0,0,0,0,0,0,137,0,10,0,0,0.0,20.0,0.0,,,,,,,,,,,,60,1781
21.534,-155.3983,3,14,5,2011,Estrada2016,LM,10,0.0,,,0,0,0,30.0,470,0,,0.0,0,0.0,10,0,0.0,,0.0,0.0,10,0,0,10,0,0,0,0,411,0,0,0,0,20.0,0.0,0.0,,,,,,,,,,,,200,1507
21.534,-155.3983,44,14,5,2011,Estrada2016,LM,20,0.0,,,0,0,0,0.0,650,0,,0.0,0,0.0,10,0,0.0,,0.0,0.0,30,0,0,10,0,50,0,0,548,0,20,0,0,0.0,0.0,0.0,,,,,,,,,,,,310,2877
21.534,-155.3983,125,14,5,2011,Estrada2016,LM,0,30.0,,,10,30,0,0.0,210,0,,40.0,20,0.0,20,0,0.0,,0.0,0.0,20,0,20,0,0,0,0,0,1507,0,0,0,0,0.0,10.0,50.0,,,,,,,,,,,,240,3014
21.342,-153.2509,3,15,5,2011,Estrada2016,LM,20,0.0,,,0,0,0,0.0,720,0,,0.0,0,0.0,0,0,0.0,,0.0,0.0,10,0,20,70,0,30,0,0,274,0,10,0,0,10.0,0.0,0.0,,,,,,,,,,,,390,2055
21.342,-153.2509,75,15,5,2011,Estrada2016,LM,0,10.0,,,0,0,0,0.0,390,10,,0.0,0,0.0,0,0,0.0,,10.0,0.0,50,0,90,110,0,20,0,0,2329,0,20,0,10,80.0,0.0,10.0,,,,,,,,,,,,650,3699
21.342,-153.2509,140,15,5,2011,Estrada2016,LM,0,959.0,,,10,0,0,0.0,30,30,,0.0,10,90.0,30,0,0.0,,10.0,70.0,20,0,0,0,0,0,10,0,137,0,0,0,0,110.0,10.0,0.0,50.0,10.0,,,,,,,,,,250,12878
21.0383,-150.1914,3,16,5,2011,Estrada2016,LM,10,0.0,,,0,0,0,0.0,380,0,,0.0,0,10.0,0,0,0.0,,0.0,0.0,40,0,20,10,0,40,0,0,1096,0,50,0,0,10.0,0.0,20.0,0.0,0.0,,,,,,,,,,280,5891
21.0383,-150.1914,49,16,5,2011,Estrada2016,LM,10,0.0,,,30,0,10,0.0,300,0,,0.0,0,30.0,30,0,0.0,,0.0,0.0,20,0,30,40,0,10,0,0,1507,0,70,0,0,10.0,0.0,0.0,0.0,0.0,,,,,,,,,,110,7398
21.0383,-150.1914,150,16,5,2011,Estrada2016,LM,10,411.0,,,420,110,40,10.0,10,10,,20.0,0,10.0,170,0,0.0,,0.0,30.0,40,0,20,0,0,90,0,0,548,0,10,0,0,0.0,0.0,0.0,0.0,0.0,,,,,,,,,,160,7261
20.4701,-148.1615,3,17,5,2011,Estrada2016,LM,0,0.0,,,10,0,0,0.0,390,0,,0.0,0,0.0,0,0,0.0,,0.0,0.0,10,0,50,20,0,0,0,0,1370,20,70,10,0,0.0,0.0,0.0,0.0,0.0,,,,,,,,,,240,6165
20.4701,-148.1615,50,17,5,2011,Estrada2016,LM,0,0.0,,,0,0,0,0.0,190,0,,0.0,0,0.0,0,0,0.0,,0.0,0.0,0,0,10,0,0,0,0,0,274,60,40,0,0,20.0,0.0,0.0,0.0,0.0,10.0,,,,,,,,,110,5480
20.4701,-148.1615,115,17,5,2011,Estrada2016,LM,10,0.0,,,400,80,20,10.0,30,10,,0.0,0,10.0,1096,0,0.0,,0.0,20.0,30,0,20,10,0,50,0,0,411,0,0,10,0,0.0,0.0,10.0,0.0,0.0,0.0,,,,,,,,,170,6028
20.2067,-145.1183,3,18,5,2011,Estrada2016,LM,0,0.0,,,10,0,0,10.0,290,0,,0.0,0,0.0,10,0,0.0,,0.0,0.0,20,0,0,40,0,20,0,0,548,10,10,0,0,0.0,0.0,0.0,0.0,0.0,0.0,,,,,,,,,180,2877
19.5349,-141.354,3,19,5,2011,Estrada2016,LM,0,0.0,,,10,0,0,20.0,290,10,,0.0,0,0.0,0,0,0.0,,0.0,0.0,0,0,60,50,0,10,10,0,959,100,70,0,0,10.0,0.0,10.0,0.0,0.0,0.0,20.0,,,,,,,,180,11097
19.5349,-141.354,40,19,5,2011,Estrada2016,LM,10,0.0,,,0,0,0,0.0,220,10,,0.0,0,0.0,0,0,0.0,,0.0,10.0,40,0,20,60,0,10,0,0,822,160,130,0,0,20.0,0.0,10.0,0.0,0.0,0.0,20.0,,,,,,,,230,10275
19.5349,-141.354,125,19,5,2011,Estrada2016,LM,0,70.0,,0.0,100,10,20,0.0,0,0,,0.0,20,0.0,80,0,0.0,,0.0,40.0,20,10,0,0,0,0,0,0,0,30,0,0,0,0.0,0.0,0.0,0.0,0.0,0.0,0.0,0.0,0.0,0.0,0.0,,,,150,6439
19.1674,-138.5791,3,20,5,2011,Estrada2016,LM,20,0.0,,0.0,0,0,0,0.0,330,0,,0.0,0,0.0,0,0,0.0,,0.0,0.0,20,0,50,20,0,0,0,0,685,10,30,20,0,0.0,0.0,0.0,0.0,0.0,0.0,0.0,60.0,0.0,0.0,0.0,,,,180,7124
19.1674,-138.5791,130,20,5,2011,Estrada2016,LM,0,0.0,,0.0,170,10,10,0.0,0,0,,0.0,10,0.0,70,0,0.0,,0.0,0.0,30,0,0,0,0,0,0,0,0,20,0,30,0,0.0,0.0,0.0,0.0,0.0,0.0,0.0,0.0,0.0,0.0,0.0,,,,70,6713
18.3919,-136.1069,3,21,5,2011,Estrada2016,LM,0,0.0,,0.0,10,0,0,0.0,90,0,,0.0,0,0.0,0,0,0.0,,0.0,0.0,40,0,30,30,0,0,0,0,548,0,10,0,0,0.0,0.0,10.0,0.0,0.0,0.0,0.0,0.0,0.0,0.0,0.0,,,,60,9453
18.0167,-133.1559,3,22,5,2011,Estrada2016,LM,10,0.0,,0.0,0,0,0,0.0,350,0,,0.0,0,0.0,20,0,0.0,,0.0,0.0,20,0,0,30,0,10,0,0,685,10,0,10,0,0.0,0.0,10.0,0.0,0.0,0.0,0.0,0.0,0.0,0.0,0.0,,,,130,6165
18.0167,-133.1559,35,22,5,2011,Estrada2016,LM,0,0.0,,0.0,10,0,0,0.0,90,40,,0.0,0,0.0,0,0,0.0,,10.0,0.0,0,0,10,20,0,0,0,0,411,0,10,30,0,0.0,0.0,30.0,0.0,0.0,0.0,0.0,0.0,0.0,0.0,0.0,,,,80,6576
18.0167,-133.1559,125,22,5,2011,Estrada2016,LM,0,10.0,,0.0,100,0,10,0.0,20,10,,20.0,0,10.0,20,0,0.0,,0.0,0.0,10,0,10,10,0,0,0,0,137,10,0,0,0,0.0,0.0,10.0,0.0,0.0,0.0,0.0,0.0,0.0,0.0,0.0,,,,90,2329
16.375,-127.3217,3,24,5,2011,Estrada2016,LM,0,0.0,,0.0,20,30,0,0.0,360,0,,0.0,0,0.0,0,0,0.0,,0.0,0.0,0,0,0,0,0,0,0,0,1507,0,40,10,0,0.0,0.0,0.0,0.0,0.0,0.0,0.0,0.0,0.0,0.0,0.0,,,,60,14248
16.375,-127.3217,40,24,5,2011,Estrada2016,LM,0,0.0,,30.0,0,10,0,0.0,520,0,,0.0,0,0.0,0,0,0.0,,0.0,0.0,20,0,10,0,0,0,0,0,1644,0,40,0,0,0.0,0.0,0.0,0.0,0.0,0.0,0.0,0.0,0.0,0.0,0.0,,,,40,9727
16.375,-127.3217,100,24,5,2011,Estrada2016,LM,0,120.0,,40.0,10,0,0,0.0,70,0,,10.0,0,0.0,10,0,0.0,,0.0,70.0,0,0,0,0,0,0,0,0,137,0,0,10,0,0.0,0.0,0.0,0.0,0.0,0.0,0.0,0.0,0.0,0.0,0.0,,,,60,3699
15.5452,-124.2843,3,25,5,2011,Estrada2016,LM,0,0.0,,10.0,0,0,0,0.0,390,0,,0.0,0,0.0,0,0,0.0,,0.0,0.0,10,0,50,10,0,0,0,0,685,0,120,0,0,0.0,0.0,20.0,0.0,0.0,0.0,0.0,0.0,0.0,0.0,0.0,,,,60,3151
15.5452,-124.2843,34,25,5,2011,Estrada2016,LM,0,0.0,,10.0,0,0,0,0.0,420,0,,0.0,0,0.0,0,0,0.0,,0.0,0.0,0,0,70,50,0,0,0,0,685,0,70,20,0,0.0,0.0,0.0,0.0,0.0,0.0,0.0,0.0,0.0,0.0,0.0,,,,90,3699
15.5452,-124.2843,40,25,5,2011,Estrada2016,LM,0,0.0,,80.0,30,10,0,0.0,240,0,,0.0,0,0.0,0,0,0.0,,0.0,0.0,0,0,40,0,0,10,0,0,1644,0,60,0,0,0.0,0.0,10.0,0.0,0.0,0.0,0.0,0.0,0.0,0.0,0.0,,,,60,10412
15.1862,-121.5972,3,26,5,2011,Estrada2016,LM,0,0.0,,,30,10,0,0.0,260,0,,0.0,0,0.0,0,0,0.0,,0.0,10.0,0,0,0,20,0,0,0,0,30,30,70,0,0,10.0,0.0,0.0,0.0,0.0,0.0,30.0,,,,,,,,90,3973
15.1862,-121.5972,36,26,5,2011,Estrada2016,LM,10,0.0,,,10,10,0,0.0,380,0,,0.0,0,0.0,0,0,0.0,,0.0,0.0,0,0,0,20,0,0,10,0,411,10,80,0,0,0.0,0.0,0.0,0.0,0.0,0.0,20.0,,,,,,,,100,3836
15.1862,-121.5972,137,26,5,2011,Estrada2016,LM,0,0.0,,,0,0,0,0.0,10,0,,0.0,0,0.0,0,0,0.0,,0.0,0.0,0,0,10,0,0,0,0,0,10,0,0,0,0,0.0,10.0,0.0,0.0,0.0,0.0,20.0,,,,,,,,10,685
14.3171,-118.4642,3,27,5,2011,Estrada2016,LM,0,0.0,,,10,30,0,0.0,590,0,,0.0,0,0.0,0,0,0.0,,0.0,0.0,40,0,20,20,0,0,0,0,822,0,80,0,0,0.0,0.0,10.0,0.0,0.0,0.0,0.0,,,,,,,,60,5891
14.3171,-118.4642,36,27,5,2011,Estrada2016,LM,0,0.0,,,20,60,0,0.0,170,0,,0.0,0,0.0,20,0,0.0,,0.0,0.0,0,0,0,0,0,0,0,0,274,0,140,0,0,0.0,0.0,0.0,0.0,0.0,0.0,10.0,,,,,,,,140,4521
14.3171,-118.4642,144,27,5,2011,Estrada2016,LM,0,10.0,,,10,0,0,0.0,0,0,,0.0,0,0.0,0,0,0.0,,0.0,0.0,0,0,0,0,0,0,0,0,0,0,0,0,0,0.0,0.0,0.0,0.0,0.0,0.0,10.0,,,,,,,,0,1507
13.4823,-115.4537,3,28,5,2011,Estrada2016,LM,0,0.0,,,120,685,0,0.0,0,0,,0.0,0,0.0,20,10,0.0,,0.0,0.0,190,0,0,0,0,0,0,0,137,0,140,10,0,0.0,0.0,0.0,0.0,0.0,0.0,80.0,,,,,,,,150,3014
13.4823,-115.4537,77,28,5,2011,Estrada2016,LM,0,0.0,,,10,411,0,0.0,0,0,,685.0,0,0.0,70,0,0.0,,0.0,10.0,0,0,10,0,0,0,0,0,137,0,10,0,0,0.0,0.0,0.0,0.0,0.0,0.0,10.0,,,,,,,,40,3973
13.4823,-115.4537,90,28,5,2011,Estrada2016,LM,0,0.0,,,0,0,0,0.0,10,0,,0.0,0,0.0,0,0,0.0,,0.0,10.0,0,0,0,0,0,0,0,0,0,0,0,0,0,0.0,0.0,0.0,0.0,0.0,0.0,10.0,,,,,,,,30,3151
13.123,-113.1536,3,29,5,2011,Estrada2016,LM,0,0.0,,,10,0,0,80.0,170,0,,0.0,0,0.0,0,0,0.0,,0.0,0.0,0,0,10,0,0,0,0,0,959,10,470,0,0,0.0,0.0,0.0,0.0,0.0,0.0,0.0,,,,,,,,60,2192
12.2971,-110.2374,3,30,5,2011,Estrada2016,LM,0,0.0,,,10,0,0,30.0,220,0,,0.0,0,0.0,0,0,0.0,,0.0,0.0,0,0,0,0,0,0,0,10,1507,0,690,50,0,0.0,0.0,10.0,0.0,0.0,0.0,0.0,,,,,,,,70,5891
12.0004,-108.0456,3,31,5,2011,Estrada2016,LM,0,0.0,,,10,10,0,0.0,500,0,,0.0,0,0.0,0,0,0.0,,0.0,0.0,0,0,0,0,0,0,0,10,3288,0,130,10,0,0.0,0.0,20.0,0.0,0.0,0.0,0.0,20.0,,,,,,,50,5617
12.0004,-108.0456,25,31,5,2011,Estrada2016,LM,0,0.0,,,10,30,0,0.0,260,0,,0.0,0,0.0,0,0,0.0,,0.0,0.0,0,0,0,0,0,0,0,0,2192,0,60,0,0,0.0,0.0,0.0,0.0,0.0,0.0,0.0,60.0,,,,,,,60,4932
12.0004,-108.0456,60,31,5,2011,Estrada2016,LM,0,0.0,,,20,10,0,0.0,0,0,,20.0,0,0.0,70,0,0.0,,0.0,0.0,0,0,0,0,0,0,0,0,274,0,80,30,0,0.0,0.0,0.0,0.0,0.0,0.0,0.0,0.0,10.0,,,,,,30,3699
11.2126,-105.0064,3,6,1,2011,Estrada2016,LM,0,0.0,,,50,80,0,0.0,0,0,,0.0,0,0.0,10,0,0.0,,0.0,0.0,0,0,30,0,0,0,0,0,0,0,0,10,0,0.0,0.0,0.0,0.0,0.0,0.0,0.0,0.0,0.0,,,,,,30,8220
11.2126,-105.0064,25,6,1,2011,Estrada2016,LM,0,0.0,,,110,140,0,0.0,0,0,,0.0,0,0.0,30,0,0.0,,0.0,0.0,0,0,0,0,0,0,0,10,0,0,0,30,0,0.0,0.0,0.0,0.0,0.0,0.0,0.0,0.0,0.0,,,,,,60,5069
11.2126,-105.0064,34,6,1,2011,Estrada2016,LM,0,0.0,,,0,10,0,0.0,0,0,,30.0,0,0.0,80,0,0.0,,0.0,0.0,0,0,0,0,0,0,0,0,137,0,0,0,0,0.0,0.0,0.0,0.0,0.0,0.0,10.0,0.0,0.0,,,,,,20,3836
10.4551,-102.2654,3,6,2,2011,Estrada2016,LM,0,0.0,,,10,40,0,0.0,610,0,,80.0,0,0.0,10,0,0.0,,0.0,10.0,0,0,10,20,0,20,0,0,959,0,0,0,0,20.0,0.0,0.0,0.0,0.0,0.0,0.0,30.0,0.0,,,,,,90,12056
10.4551,-102.2654,22,6,2,2011,Estrada2016,LM,0,0.0,,,0,30,0,0.0,0,0,,0.0,0,60.0,60,10,0.0,,0.0,0.0,0,0,0,0,0,0,0,0,137,0,0,0,0,0.0,0.0,0.0,0.0,0.0,0.0,0.0,0.0,0.0,,,,,,50,2877
10.4551,-102.2654,37,6,2,2011,Estrada2016,LM,0,0.0,,,20,50,0,0.0,640,0,,150.0,0,0.0,0,0,0.0,,0.0,0.0,0,0,20,30,0,10,0,0,822,0,10,0,0,10.0,0.0,0.0,0.0,0.0,0.0,0.0,40.0,0.0,,,,,,160,11782
10.0555,-99.1477,3,6,3,2011,Estrada2016,LM,0,0.0,,,10,10,0,10.0,670,0,,0.0,0,0.0,0,0,0.0,,0.0,0.0,0,0,10,0,0,0,0,0,3014,0,20,0,0,0.0,0.0,0.0,0.0,0.0,0.0,0.0,30.0,0.0,,,,,,40,2466
10.0555,-99.1477,25,6,3,2011,Estrada2016,LM,0,0.0,,10.0,10,0,0,0.0,490,0,,70.0,0,0.0,0,0,0.0,,10.0,0.0,0,0,20,30,0,0,10,0,3288,0,10,0,0,0.0,0.0,0.0,0.0,0.0,0.0,0.0,30.0,0.0,,,,,,20,3973
10.0555,-99.1477,43,6,3,2011,Estrada2016,LM,0,0.0,,0.0,0,822,0,0.0,10,0,,50.0,0,0.0,40,0,0.0,,0.0,0.0,0,0,0,0,0,0,0,0,10,0,30,10,0,0.0,20.0,0.0,0.0,0.0,0.0,0.0,0.0,0.0,,,,,,60,4384
9.2674,-96.2044,3,6,4,2011,Estrada2016,LM,30,0.0,,0.0,190,50,0,0.0,1920,0,,0.0,0,0.0,0,0,0.0,,0.0,0.0,0,0,70,0,0,10,0,10,8631,0,0,30,0,0.0,0.0,0.0,0.0,0.0,0.0,0.0,30.0,0.0,,,,,,180,28496
9.2674,-96.2044,25,6,4,2011,Estrada2016,LM,10,0.0,,0.0,0,0,0,0.0,20,10,,110.0,0,0.0,60,0,0.0,,0.0,0.0,0,0,10,10,0,0,0,0,10,0,0,0,0,0.0,0.0,0.0,0.0,0.0,0.0,10.0,0.0,0.0,,,,,,30,26852
8.0851,-90.219,3,6,6,2011,Estrada2016,LM,0,0.0,,10.0,0,0,0,0.0,0,0,,0.0,0,0.0,0,0,0.0,,0.0,0.0,0,0,0,0,0,0,0,0,0,0,0,0,0,0.0,0.0,0.0,0.0,0.0,0.0,0.0,0.0,0.0,0.0,0.0,0.0,0.0,,20,548
8.0851,-90.219,31,6,6,2011,Estrada2016,LM,10,0.0,,0.0,10,60,20,0.0,0,0,,10.0,0,0.0,30,0,0.0,,0.0,10.0,0,0,20,0,0,0,0,0,0,0,0,0,0,0.0,0.0,0.0,0.0,0.0,0.0,0.0,0.0,0.0,0.0,0.0,0.0,0.0,,30,1781
8.0851,-90.219,23,6,6,2011,Estrada2016,LM,0,0.0,,10.0,10,0,0,0.0,0,0,,0.0,0,0.0,30,0,0.0,,0.0,0.0,0,0,0,0,0,0,0,0,0,0,0,0,0,0.0,0.0,0.0,0.0,0.0,0.0,0.0,0.0,0.0,0.0,0.0,0.0,0.0,,10,1233
7.1342,-87.5759,3,6,7,2011,Estrada2016,LM,0,0.0,,10.0,0,0,0,0.0,0,0,,0.0,0,0.0,0,0,0.0,,0.0,0.0,0,0,0,0,0,0,0,0,0,0,0,0,0,0.0,0.0,0.0,0.0,0.0,0.0,0.0,0.0,0.0,0.0,0.0,0.0,0.0,,0,685
7.1342,-87.5759,30,6,7,2011,Estrada2016,LM,0,0.0,,10.0,0,10,0,0.0,0,0,,0.0,0,0.0,10,0,0.0,,0.0,0.0,10,0,0,0,0,0,0,0,0,0,0,0,0,0.0,0.0,0.0,0.0,0.0,0.0,0.0,0.0,0.0,0.0,0.0,0.0,0.0,,0,3014
7.1342,-87.5759,20,6,7,2011,Estrada2016,LM,10,20.0,,10.0,110,60,50,0.0,0,0,,0.0,0,0.0,100,0,0.0,,0.0,0.0,0,0,0,0,0,0,0,0,0,0,0,20,0,0.0,0.0,0.0,0.0,0.0,0.0,0.0,0.0,0.0,0.0,0.0,0.0,0.0,,20,2877
5.5469,-84.4768,3,6,8,2011,Estrada2016,LM,10,0.0,,0.0,50,0,0,0.0,40,0,,0.0,0,0.0,10,0,0.0,,0.0,0.0,0,0,10,0,0,0,0,0,0,0,0,20,0,0.0,0.0,0.0,0.0,0.0,0.0,0.0,0.0,0.0,0.0,0.0,0.0,0.0,,40,822
5.5469,-84.4768,24,6,8,2011,Estrada2016,LM,0,0.0,,20.0,160,0,10,0.0,0,0,,0.0,0,0.0,40,0,0.0,,0.0,0.0,0,0,10,0,0,0,0,10,0,0,0,30,0,0.0,0.0,0.0,0.0,0.0,0.0,0.0,0.0,0.0,0.0,0.0,0.0,0.0,,60,5343
5.5469,-84.4768,45,6,8,2011,Estrada2016,LM,0,0.0,,10.0,0,0,0,0.0,0,0,,0.0,0,0.0,10,0,0.0,,0.0,0.0,0,0,0,0,0,0,0,0,0,0,0,0,0,0.0,0.0,0.0,0.0,0.0,0.0,0.0,0.0,0.0,0.0,0.0,0.0,0.0,,0,548
12.2176,-74.0235,3,20,6,2011,Estrada2016,LM,0,0.0,,0.0,10,10,0,0.0,30,0,,0.0,0,0.0,0,0,0.0,,0.0,0.0,0,0,20,0,0,0,0,0,1370,0,0,10,0,0.0,0.0,10.0,0.0,0.0,0.0,0.0,0.0,0.0,0.0,0.0,0.0,0.0,,200,4110
12.2176,-74.0235,24,20,6,2011,Estrada2016,LM,0,0.0,,0.0,10,0,0,20.0,40,10,,0.0,0,0.0,0,0,0.0,,0.0,0.0,0,0,10,10,0,0,0,0,1507,0,0,0,0,0.0,0.0,0.0,0.0,0.0,0.0,0.0,0.0,0.0,0.0,0.0,0.0,0.0,,40,7672
12.2176,-74.0235,70,20,6,2011,Estrada2016,LM,0,20.0,,0.0,100,20,10,0.0,0,20,,0.0,0,0.0,0,0,0.0,,0.0,0.0,0,0,0,0,0,0,0,0,0,0,10,30,0,0.0,0.0,10.0,10.0,0.0,0.0,0.0,0.0,0.0,0.0,0.0,0.0,0.0,,50,11645
14.0948,-71.404,3,21,6,2011,Estrada2016,LM,0,0.0,,0.0,20,0,0,0.0,270,0,,0.0,0,0.0,0,0,0.0,,0.0,0.0,30,0,20,10,0,0,0,0,1096,0,0,0,0,0.0,0.0,0.0,0.0,0.0,0.0,0.0,0.0,0.0,0.0,0.0,0.0,0.0,,210,4384
14.0948,-71.404,34,21,6,2011,Estrada2016,LM,0,0.0,,0.0,0,0,0,0.0,170,0,,0.0,0,0.0,0,0,0.0,,0.0,0.0,40,0,10,10,0,0,10,0,1370,0,0,0,0,0.0,0.0,0.0,0.0,0.0,0.0,0.0,0.0,0.0,0.0,0.0,0.0,0.0,,150,3836
14.0948,-71.404,105,21,6,2011,Estrada2016,LM,0,1233.0,,0.0,20,10,0,0.0,0,0,,0.0,0,0.0,50,0,0.0,,0.0,0.0,0,0,0,0,0,0,0,0,10,0,0,0,0,0.0,0.0,0.0,0.0,60.0,0.0,0.0,0.0,0.0,0.0,0.0,0.0,0.0,,70,9316
15.0411,-69.1772,3,22,6,2011,Estrada2016,LM,0,0.0,,0.0,0,0,0,0.0,220,0,,0.0,0,0.0,0,0,0.0,,0.0,0.0,0,0,0,0,0,0,0,0,685,0,0,0,0,0.0,0.0,0.0,0.0,10.0,0.0,0.0,0.0,0.0,0.0,0.0,0.0,0.0,,130,5069
15.0411,-69.1772,31,22,6,2011,Estrada2016,LM,0,0.0,,0.0,20,0,0,0.0,160,0,,0.0,0,0.0,0,0,0.0,,0.0,0.0,0,0,30,10,0,0,0,0,1096,0,0,0,0,0.0,0.0,0.0,0.0,0.0,0.0,0.0,0.0,0.0,0.0,0.0,0.0,0.0,,20,3973
15.0411,-69.1772,95,22,6,2011,Estrada2016,LM,0,548.0,0.0,0.0,0,0,0,0.0,0,0,0.0,0.0,0,100.0,0,0,0.0,0.0,0.0,0.0,0,0,0,0,0,0,0,10,0,0,0,0,0,0.0,0.0,0.0,10.0,0.0,0.0,0.0,0.0,0.0,0.0,0.0,0.0,0.0,30.0,150,7672
15.315,-67.0086,3,23,6,2011,Estrada2016,LM,0,0.0,0.0,0.0,0,50,0,0.0,420,10,0.0,0.0,0,0.0,0,0,0.0,0.0,0.0,0.0,0,0,0,0,0,0,0,0,137,0,0,10,0,0.0,0.0,0.0,0.0,0.0,0.0,0.0,0.0,0.0,0.0,0.0,0.0,0.0,0.0,140,4932
15.315,-67.0086,28,23,6,2011,Estrada2016,LM,0,0.0,0.0,0.0,0,40,0,0.0,470,20,0.0,0.0,0,0.0,0,0,0.0,0.0,0.0,0.0,0,0,20,0,0,0,0,0,411,0,0,20,0,0.0,0.0,0.0,0.0,0.0,0.0,0.0,0.0,0.0,0.0,0.0,0.0,0.0,0.0,130,7398
15.315,-67.0086,75,23,6,2011,Estrada2016,LM,10,685.0,0.0,0.0,10,30,0,0.0,0,10,0.0,1096.0,10,0.0,30,0,0.0,0.0,0.0,0.0,0,0,0,0,0,0,0,0,10,0,0,30,0,0.0,0.0,0.0,10.0,0.0,0.0,0.0,0.0,0.0,0.0,0.0,20.0,0.0,4110.0,100,15892
17.2563,-59.4966,3,25,6,2011,Estrada2016,LM,0,0.0,0.0,0.0,0,0,0,0.0,290,10,0.0,0.0,0,0.0,0,0,0.0,0.0,0.0,0.0,0,0,10,10,0,0,0,0,685,0,0,0,0,0.0,0.0,0.0,0.0,0.0,0.0,0.0,0.0,0.0,0.0,0.0,0.0,0.0,0.0,140,5343
17.2563,-59.4966,37,25,6,2011,Estrada2016,LM,0,0.0,0.0,0.0,0,0,0,0.0,120,20,0.0,0.0,0,0.0,0,0,0.0,0.0,0.0,0.0,0,0,40,10,0,10,0,10,411,0,0,0,0,0.0,0.0,0.0,0.0,0.0,0.0,0.0,0.0,0.0,0.0,0.0,0.0,0.0,0.0,220,4795
17.2563,-59.4966,90,25,6,2011,Estrada2016,LM,10,60.0,0.0,0.0,10,80,0,0.0,0,10,0.0,40.0,20,0.0,20,0,0.0,0.0,0.0,0.0,0,0,0,0,0,0,10,0,0,0,0,0,0,0.0,0.0,0.0,0.0,0.0,0.0,0.0,0.0,0.0,0.0,0.0,10.0,0.0,30.0,160,6165
18.0384,-57.482,3,26,6,2011,Estrada2016,LM,0,0.0,0.0,0.0,0,0,0,0.0,370,0,0.0,0.0,0,0.0,0,0,0.0,0.0,0.0,0.0,0,0,0,0,0,0,0,0,274,0,0,0,0,0.0,0.0,0.0,0.0,0.0,0.0,0.0,0.0,0.0,0.0,0.0,0.0,0.0,0.0,100,685
18.0384,-57.482,43,26,6,2011,Estrada2016,LM,0,0.0,0.0,40.0,0,0,0,0.0,40,10,0.0,0.0,0,0.0,0,0,0.0,0.0,0.0,0.0,0,0,30,0,0,0,0,50,685,0,0,10,0,0.0,0.0,0.0,0.0,0.0,0.0,0.0,0.0,0.0,0.0,0.0,0.0,0.0,0.0,380,5343
18.0384,-57.482,160,26,6,2011,Estrada2016,LM,0,40.0,0.0,0.0,0,0,0,0.0,0,0,0.0,0.0,20,0.0,0,0,0.0,0.0,0.0,0.0,0,0,10,0,0,0,0,0,0,0,0,0,0,0.0,0.0,0.0,0.0,0.0,0.0,0.0,0.0,0.0,0.0,0.0,0.0,0.0,1644.0,50,2877
18.5977,-55.0901,3,27,6,2011,Estrada2016,LM,0,0.0,,20.0,0,0,0,0.0,190,0,,0.0,0,0.0,0,0,0.0,,0.0,0.0,40,0,20,30,0,0,0,0,1233,0,0,20,0,0.0,0.0,0.0,0.0,0.0,0.0,0.0,0.0,0.0,0.0,0.0,0.0,0.0,0.0,280,4384
18.5977,-55.0901,43,27,6,2011,Estrada2016,LM,0,0.0,,0.0,0,0,0,0.0,10,0,,0.0,0,0.0,0,0,0.0,,0.0,0.0,0,0,20,50,0,0,0,10,822,0,0,20,0,0.0,0.0,0.0,0.0,0.0,0.0,0.0,0.0,0.0,0.0,0.0,0.0,0.0,0.0,370,6302
18.5977,-55.0901,140,27,6,2011,Estrada2016,LM,0,130.0,,0.0,50,0,0,0.0,0,20,,0.0,10,0.0,0,0,0.0,,0.0,0.0,0,0,0,0,0,0,0,10,0,200,0,0,0,0.0,0.0,0.0,0.0,0.0,0.0,0.0,0.0,0.0,0.0,0.0,0.0,0.0,959.0,90,7946
19.5938,-52.3819,3,28,6,2011,Estrada2016,LM,10,0.0,,20.0,30,0,0,0.0,410,0,,0.0,0,0.0,0,0,0.0,,0.0,0.0,10,0,30,30,0,0,10,0,822,0,0,0,0,0.0,0.0,0.0,0.0,0.0,0.0,0.0,0.0,0.0,0.0,0.0,0.0,0.0,0.0,380,3699
19.5938,-52.3819,57,28,6,2011,Estrada2016,LM,0,0.0,,10.0,10,0,0,0.0,0,0,,0.0,0,0.0,0,0,0.0,,0.0,0.0,0,10,10,60,0,0,0,0,959,0,0,0,0,0.0,0.0,0.0,0.0,0.0,0.0,0.0,0.0,0.0,0.0,0.0,0.0,0.0,0.0,520,6165
19.5938,-52.3819,130,28,6,2011,Estrada2016,LM,0,1781.0,,0.0,70,20,0,0.0,0,10,10.0,0.0,30,0.0,10,0,0.0,,0.0,0.0,0,0,0,0,0,0,0,0,0,0,10,20,0,0.0,0.0,0.0,0.0,0.0,0.0,0.0,0.0,0.0,0.0,0.0,0.0,0.0,0.0,50,3425
20.4823,-50.0859,3,29,6,2011,Estrada2016,LM,0,0.0,0.0,50.0,0,0,0,0.0,140,0,0.0,0.0,0,0.0,0,0,0.0,0.0,0.0,0.0,20,0,60,0,0,0,0,10,411,0,0,10,0,0.0,0.0,0.0,0.0,0.0,0.0,0.0,0.0,0.0,0.0,0.0,0.0,0.0,0.0,490,2603
20.4823,-50.0859,43,29,6,2011,Estrada2016,LM,0,0.0,0.0,20.0,0,0,0,0.0,80,20,0.0,0.0,0,0.0,0,0,0.0,0.0,0.0,0.0,30,0,40,10,0,0,10,40,822,0,0,0,0,0.0,0.0,0.0,0.0,0.0,0.0,0.0,0.0,0.0,0.0,0.0,0.0,0.0,10.0,460,4658
20.4823,-50.0859,130,29,6,2011,Estrada2016,LM,0,50.0,0.0,0.0,0,0,0,0.0,10,30,0.0,0.0,30,0.0,0,10,0.0,0.0,0.0,0.0,0,0,0,0,0,0,0,0,0,320,20,0,0,0.0,0.0,0.0,0.0,0.0,0.0,0.0,0.0,0.0,0.0,0.0,0.0,0.0,2055.0,270,3836
21.4413,-47.4726,3,30,6,2011,Estrada2016,LM,0,0.0,0.0,60.0,10,0,0,0.0,270,10,0.0,0.0,0,0.0,0,0,0.0,0.0,0.0,0.0,20,0,40,0,0,0,0,30,548,0,0,10,0,0.0,0.0,0.0,0.0,0.0,0.0,0.0,0.0,0.0,0.0,0.0,0.0,0.0,0.0,350,4521
21.4413,-47.4726,45,30,6,2011,Estrada2016,LM,0,0.0,0.0,20.0,0,0,0,0.0,30,30,0.0,0.0,0,0.0,10,0,0.0,0.0,0.0,0.0,10,0,30,0,0,0,0,30,411,0,0,0,0,0.0,0.0,0.0,0.0,0.0,0.0,0.0,0.0,0.0,0.0,0.0,0.0,0.0,20.0,460,8494
21.4413,-47.4726,120,30,6,2011,Estrada2016,LM,0,60.0,0.0,0.0,150,0,0,0.0,0,0,0.0,0.0,0,0.0,1096,0,0.0,0.0,0.0,0.0,0,0,10,0,0,0,0,0,0,110,0,40,0,0.0,0.0,0.0,0.0,0.0,0.0,10.0,0.0,0.0,0.0,0.0,10.0,0.0,822.0,110,5480
22.5175,-44.3168,3,7,1,2011,Estrada2016,LM,10,0.0,0.0,10.0,0,0,0,0.0,80,0,0.0,0.0,0,0.0,0,0,0.0,0.0,0.0,0.0,10,0,30,10,0,0,0,20,10,0,0,10,0,0.0,0.0,0.0,0.0,0.0,0.0,0.0,0.0,0.0,0.0,0.0,0.0,0.0,0.0,350,3288
22.5175,-44.3168,43,7,1,2011,Estrada2016,LM,0,0.0,0.0,20.0,0,0,0,0.0,40,30,0.0,0.0,0,0.0,0,0,0.0,0.0,0.0,0.0,0,0,30,0,0,0,10,40,20,10,0,10,0,10.0,0.0,0.0,0.0,0.0,0.0,0.0,0.0,0.0,0.0,0.0,0.0,0.0,10.0,340,5206
22.5175,-44.3168,150,7,1,2011,Estrada2016,LM,0,60.0,0.0,10.0,60,0,0,0.0,0,10,0.0,0.0,10,0.0,10,0,0.0,0.0,0.0,0.0,0,0,10,0,0,0,0,10,0,60,0,0,0,0.0,0.0,0.0,0.0,0.0,0.0,10.0,0.0,0.0,0.0,0.0,0.0,0.0,685.0,160,2329
23.4411,-41.5411,3,7,2,2011,Estrada2016,LM,0,0.0,0.0,10.0,0,0,0,0.0,30,0,0.0,0.0,0,0.0,0,0,0.0,0.0,0.0,0.0,0,0,50,10,0,0,10,20,10,0,0,10,0,0.0,0.0,0.0,0.0,0.0,0.0,0.0,0.0,0.0,0.0,0.0,0.0,0.0,0.0,300,2055
23.4411,-41.5411,49,7,2,2011,Estrada2016,LM,0,0.0,0.0,30.0,0,0,0,0.0,40,20,0.0,0.0,0,0.0,0,0,0.0,0.0,0.0,0.0,0,0,90,150,0,0,40,80,10,0,0,0,0,0.0,0.0,0.0,0.0,0.0,0.0,0.0,0.0,0.0,0.0,0.0,0.0,0.0,10.0,700,5343
23.4411,-41.5411,130,7,2,2011,Estrada2016,LM,0,50.0,0.0,10.0,10,0,0,0.0,10,20,0.0,0.0,0,0.0,274,0,0.0,0.0,0.0,0.0,0,0,10,0,0,0,0,0,0,730,20,10,0,0.0,0.0,0.0,0.0,0.0,0.0,30.0,0.0,0.0,0.0,0.0,0.0,0.0,548.0,120,2192
24.5067,-38.4261,3,7,3,2011,Estrada2016,LM,0,0.0,0.0,30.0,0,0,0,0.0,320,0,0.0,0.0,0,0.0,0,0,0.0,0.0,0.0,0.0,0,0,50,50,0,0,0,30,10,0,0,20,0,0.0,0.0,0.0,0.0,0.0,0.0,0.0,0.0,0.0,0.0,0.0,0.0,0.0,0.0,590,3836
24.5067,-38.4261,47,7,3,2011,Estrada2016,LM,0,20.0,0.0,0.0,10,0,0,0.0,40,30,0.0,0.0,0,0.0,0,0,0.0,0.0,0.0,0.0,20,0,10,150,0,0,0,30,10,0,0,0,0,110.0,0.0,0.0,0.0,0.0,0.0,0.0,0.0,0.0,0.0,0.0,0.0,0.0,50.0,840,7946
24.5067,-38.4261,160,7,3,2011,Estrada2016,LM,0,0.0,0.0,0.0,90,0,0,0.0,0,10,0.0,0.0,10,0.0,0,0,0.0,0.0,0.0,0.0,10,0,20,0,0,0,0,0,0,0,20,0,0,0.0,0.0,0.0,0.0,0.0,0.0,0.0,0.0,0.0,0.0,0.0,0.0,0.0,274.0,60,1918
26.0661,-35.1545,3,7,4,2011,Estrada2016,LM,0,0.0,0.0,0.0,0,0,0,10.0,140,0,0.0,0.0,0,0.0,0,0,0.0,0.0,0.0,0.0,0,0,80,30,0,0,0,50,0,0,0,0,0,10.0,0.0,0.0,0.0,0.0,0.0,0.0,0.0,0.0,0.0,0.0,0.0,0.0,0.0,390,4247
26.0661,-35.1545,55,7,4,2011,Estrada2016,LM,0,0.0,0.0,10.0,0,0,0,10.0,10,10,0.0,0.0,0,0.0,0,0,0.0,0.0,0.0,0.0,10,0,30,110,0,0,0,60,0,0,0,0,0,50.0,0.0,0.0,0.0,0.0,0.0,0.0,0.0,0.0,0.0,0.0,0.0,0.0,20.0,930,9316
26.0661,-35.1545,150,7,4,2011,Estrada2016,LM,0,480.0,0.0,0.0,40,30,0,0.0,0,0,0.0,0.0,10,0.0,0,0,0.0,0.0,0.0,0.0,0,10,0,0,0,0,0,20,0,0,70,20,0,0.0,0.0,0.0,0.0,0.0,0.0,0.0,0.0,0.0,0.0,0.0,0.0,0.0,30.0,270,1370
26.5466,-32.5019,3,7,5,2011,Estrada2016,LM,0,0.0,0.0,20.0,0,0,0,0.0,490,10,0.0,0.0,0,0.0,0,0,0.0,0.0,0.0,0.0,0,0,50,30,0,0,0,40,0,0,0,10,0,60.0,0.0,0.0,0.0,0.0,0.0,0.0,0.0,0.0,0.0,0.0,0.0,0.0,0.0,440,4384
26.5466,-32.5019,50,7,5,2011,Estrada2016,LM,0,0.0,0.0,10.0,0,0,0,0.0,370,0,0.0,0.0,0,0.0,0,0,0.0,0.0,0.0,0.0,10,0,50,30,0,0,0,10,0,0,0,10,0,30.0,0.0,0.0,0.0,0.0,0.0,0.0,0.0,0.0,0.0,0.0,0.0,0.0,0.0,490,4110
26.5466,-32.5019,150,7,5,2011,Estrada2016,LM,0,0.0,0.0,0.0,30,0,0,0.0,360,0,0.0,0.0,30,0.0,0,0,0.0,0.0,0.0,0.0,30,0,30,20,0,0,0,30,0,0,20,0,0,30.0,0.0,0.0,0.0,0.0,0.0,0.0,0.0,0.0,0.0,0.0,0.0,0.0,10.0,350,3151
27.5801,-29.3913,3,7,6,2011,Estrada2016,LM,0,0.0,0.0,0.0,0,0,0,0.0,240,0,0.0,0.0,0,0.0,0,0,0.0,0.0,0.0,0.0,0,0,60,90,0,0,20,60,0,0,0,10,0,40.0,0.0,0.0,0.0,0.0,0.0,0.0,0.0,0.0,0.0,0.0,0.0,0.0,0.0,770,4658
27.5801,-29.3913,53,7,6,2011,Estrada2016,LM,20,0.0,0.0,10.0,50,0,0,0.0,90,0,0.0,0.0,0,0.0,0,0,0.0,0.0,0.0,0.0,0,0,10,90,0,0,0,20,10,0,0,0,0,30.0,0.0,0.0,0.0,0.0,0.0,0.0,0.0,0.0,0.0,0.0,0.0,0.0,0.0,250,4795
27.5801,-29.3913,140,7,6,2011,Estrada2016,LM,0,260.0,0.0,0.0,40,0,0,0.0,0,30,0.0,10.0,0,30.0,10,0,0.0,0.0,0.0,0.0,0,10,10,0,0,0,0,0,0,150,20,0,0,40.0,0.0,0.0,0.0,0.0,0.0,10.0,0.0,0.0,0.0,0.0,0.0,0.0,822.0,270,3973
28.5247,-26.5704,3,7,7,2011,Estrada2016,LM,0,0.0,,30.0,0,0,0,0.0,420,10,,0.0,0,0.0,0,0,0.0,,0.0,0.0,30,0,30,310,0,0,0,0,60,0,10,20,0,0.0,0.0,0.0,0.0,0.0,0.0,0.0,0.0,0.0,0.0,0.0,0.0,0.0,0.0,840,7261
28.5247,-26.5704,30,7,7,2011,Estrada2016,LM,10,0.0,,50.0,0,0,0,0.0,560,30,,0.0,0,0.0,0,0,0.0,,0.0,0.0,60,0,40,220,0,20,0,0,10,0,0,20,0,90.0,0.0,0.0,0.0,0.0,0.0,0.0,0.0,0.0,0.0,0.0,0.0,0.0,0.0,980,8768
28.5247,-26.5704,95,7,7,2011,Estrada2016,LM,0,20.0,,0.0,20,0,0,0.0,30,0,,0.0,0,0.0,60,0,0.0,,0.0,0.0,0,0,30,0,0,0,0,0,0,10,90,0,0,0.0,0.0,0.0,0.0,0.0,0.0,0.0,0.0,0.0,0.0,0.0,0.0,0.0,411.0,140,5891
29.5801,-23.4114,3,7,8,2011,Estrada2016,LM,0,0.0,0.0,70.0,0,0,0,0.0,280,30,0.0,0.0,0,0.0,0,0,0.0,0.0,0.0,0.0,10,0,10,150,0,0,0,10,40,0,0,10,0,20.0,0.0,0.0,0.0,0.0,0.0,0.0,0.0,0.0,0.0,0.0,0.0,0.0,0.0,570,4110
29.5801,-23.4114,40,7,8,2011,Estrada2016,LM,0,0.0,0.0,40.0,0,0,0,0.0,240,40,0.0,0.0,10,0.0,0,0,0.0,0.0,0.0,0.0,10,0,20,180,0,0,0,0,0,0,0,10,0,50.0,0.0,0.0,0.0,0.0,0.0,0.0,0.0,0.0,0.0,0.0,0.0,0.0,0.0,450,5206
29.5801,-23.4114,100,7,8,2011,Estrada2016,LM,0,170.0,0.0,70.0,10,180,0,0.0,10,80,0.0,10.0,10,170.0,140,0,0.0,0.0,0.0,0.0,0,10,10,0,0,0,0,10,10,40,20,0,0,0.0,130.0,0.0,0.0,0.0,0.0,10.0,0.0,0.0,0.0,0.0,0.0,0.0,137.0,410,6028
30.5796,-20.3899,3,7,9,2011,Estrada2016,LM,10,0.0,0.0,120.0,0,0,0,0.0,660,40,0.0,0.0,0,0.0,0,0,0.0,0.0,0.0,0.0,0,0,20,90,0,0,0,20,40,0,0,20,0,10.0,0.0,0.0,0.0,0.0,0.0,0.0,0.0,0.0,0.0,0.0,0.0,0.0,0.0,340,2740
30.5796,-20.3899,36,7,9,2011,Estrada2016,LM,0,0.0,0.0,90.0,0,0,0,0.0,780,20,0.0,0.0,0,10.0,0,0,0.0,0.0,0.0,0.0,10,10,20,110,0,0,0,10,20,0,0,50,0,40.0,0.0,0.0,0.0,0.0,0.0,0.0,0.0,0.0,0.0,0.0,0.0,0.0,0.0,310,5343
30.5796,-20.3899,95,7,9,2011,Estrada2016,LM,0,70.0,0.0,50.0,0,110,0,0.0,10,80,0.0,0.0,30,330.0,100,0,0.0,0.0,0.0,0.0,0,10,0,0,10,0,0,0,0,30,60,10,0,0.0,0.0,0.0,0.0,0.0,0.0,0.0,0.0,0.0,0.0,0.0,0.0,0.0,137.0,360,6713
32.0473,-17.1596,3,7,10,2011,Estrada2016,LM,0,0.0,0.0,20.0,0,0,0,0.0,420,0,0.0,0.0,0,0.0,0,0,0.0,0.0,0.0,0.0,10,0,0,30,0,0,10,0,20,0,0,0,0,90.0,0.0,0.0,0.0,0.0,0.0,0.0,0.0,0.0,0.0,0.0,0.0,0.0,0.0,440,3562
32.0473,-17.1596,34,7,10,2011,Estrada2016,LM,20,0.0,0.0,70.0,0,0,0,0.0,580,10,0.0,0.0,0,0.0,0,0,0.0,0.0,0.0,0.0,0,0,20,170,0,0,0,10,20,0,0,20,0,110.0,0.0,0.0,0.0,0.0,0.0,0.0,0.0,0.0,0.0,0.0,0.0,0.0,0.0,360,4521
32.0473,-17.1596,110,7,10,2011,Estrada2016,LM,10,100.0,0.0,40.0,0,0,0,0.0,40,20,0.0,0.0,0,70.0,0,0,0.0,0.0,0.0,0.0,0,0,10,0,0,0,0,0,0,50,0,0,0,0.0,0.0,0.0,0.0,0.0,0.0,0.0,0.0,0.0,0.0,0.0,0.0,0.0,137.0,290,3973
32.5486,-14.367,3,7,11,2011,Estrada2016,LM,0,0.0,0.0,350.0,0,0,0,0.0,90,20,0.0,0.0,0,0.0,0,0,0.0,0.0,0.0,0.0,0,0,0,60,0,0,0,0,10,0,10,0,0,0.0,0.0,0.0,0.0,0.0,0.0,0.0,0.0,0.0,0.0,0.0,0.0,0.0,0.0,160,3562
32.5486,-14.367,28,7,11,2011,Estrada2016,LM,0,0.0,0.0,460.0,0,0,0,0.0,130,20,0.0,0.0,0,0.0,0,0,0.0,0.0,0.0,0.0,0,10,20,80,0,0,0,0,10,0,10,0,0,40.0,0.0,0.0,0.0,0.0,0.0,0.0,0.0,0.0,0.0,0.0,0.0,0.0,0.0,230,3014
32.5486,-14.367,90,7,11,2011,Estrada2016,LM,0,10.0,0.0,10.0,0,20,0,0.0,40,20,0.0,0.0,0,0.0,0,0,0.0,0.0,0.0,0.0,0,10,0,0,0,0,0,10,0,0,30,0,0,0.0,0.0,0.0,0.0,0.0,0.0,0.0,0.0,0.0,0.0,0.0,0.0,0.0,0.0,180,3562
